{
  "train_loss": [
    1.5914484751530182,
    1.492839447307936,
    1.455329981042352,
    1.4253242579135266,
    1.367750807996198,
    1.3287879684905866,
    1.2936642637182942,
    1.2766689380883298,
    1.2468651194712181,
    1.2271455480502202,
    1.1936228818945833,
    1.1606335982734903,
    1.1356466456210657,
    1.0994841550296044,
    1.0782544252636668,
    1.0410476010360998,
    1.027156500152616,
    1.0092607406906156,
    0.9955306476725764,
    0.9879243766868507
  ],
  "val_loss": [
    1.4788881039273911,
    1.4372484182965928,
    1.385762698408486,
    1.3852081627085588,
    1.3615251503128936,
    1.328607061634893,
    1.3347108165423076,
    1.3360451088435408,
    1.3802428150522537,
    1.3107248726098433,
    1.3341002308804055,
    1.3530472482460132,
    1.3712267884309741,
    1.4058715908423713,
    1.3964770954588186,
    1.4304275210352912,
    1.4299780644368434,
    1.4392535971558613,
    1.4395009469294893,
    1.4437873121620952
  ],
  "val_f1_macro": [
    0.11194308404467196,
    0.14294442157252385,
    0.20042402161382097,
    0.1707119921037089,
    0.2187048471765593,
    0.2462204478755456,
    0.24848895804307508,
    0.23500252883353331,
    0.25232693082488133,
    0.2626377183808466,
    0.2633944144966527,
    0.271500890562609,
    0.2598998486664688,
    0.26118895778931395,
    0.26224281324168625,
    0.2631329978655359,
    0.26132575142578296,
    0.2520004069114715,
    0.2552423977405737,
    0.2579284657960471
  ],
  "lr": [
    0.00011999999999999998,
    0.00020999999999999995,
    0.0003,
    0.00029744596495258525,
    0.0002898708344106533,
    0.0002775325703594421,
    0.00026085133758309883,
    0.00024039519545688846,
    0.00021686075336648075,
    0.00019104944851081244,
    0.0001638402539194953,
    0.0001361597460805047,
    0.00010895055148918757,
    8.313924663351933e-05,
    5.960480454311155e-05,
    3.91486624169011e-05,
    2.24674296405579e-05,
    1.0129165589346643e-05,
    2.554035047414732e-06,
    0.0
  ],
  "grad_norm_min": [
    0.0,
    2.881187077857576,
    2.1412877816428435,
    2.012870056581387,
    1.9138671340534488,
    1.804309500050904,
    2.1247745364922452,
    2.17036807153067,
    0.0,
    0.0,
    2.349698250993857,
    2.6487199014201255,
    2.5969975047350524,
    0.0,
    3.0164338510647606,
    0.0,
    3.540858996397309,
    3.6050790537828994,
    3.3959681519818723,
    3.5496665856102183
  ],
  "grad_norm_mean": [
    7.488835170244559,
    4.871572248676118,
    3.8153916732164057,
    3.4765341507376797,
    3.1534962255872037,
    3.259030597530209,
    3.318373049363111,
    3.5274225699769883,
    3.522929235218449,
    3.821862362433728,
    3.970579636373447,
    4.352946462141136,
    4.761420790755251,
    5.000319487349543,
    5.157782660067595,
    5.522580831895746,
    5.753929773230338,
    5.776906885248302,
    5.930377440069984,
    5.927937382750456
  ],
  "grad_norm_max": [
    17.198343926830344,
    10.9091802540609,
    6.530119210249983,
    9.001933639100546,
    6.960963694871619,
    7.139442275052453,
    5.620685643788925,
    7.727170380862041,
    7.430395852832436,
    7.393054571353261,
    6.992057824938715,
    11.504609598063034,
    10.633923960324092,
    11.319609925476332,
    11.632005521587168,
    13.182828163686214,
    11.15160058279593,
    10.686741305432985,
    14.89577742002807,
    10.807060914833928
  ]
}