{
  "train_loss": [
    1.5819210592657327,
    1.4964253053069114,
    1.4478469859808683,
    1.4178742874413728,
    1.3867767158895732,
    1.3577253405004739,
    1.3438394242897629,
    1.3185518868267536,
    1.3114799041301013,
    1.2904648166149855,
    1.2759995268657804,
    1.2606613598763943,
    1.2396463995799423,
    1.2204553872346877,
    1.203268069960177,
    1.1992379980161787,
    1.1786716390401124,
    1.1665457710623741,
    1.1644799998030066,
    1.1502598777413369,
    1.1549279348924757,
    1.156141485646367,
    1.1606471868231893,
    1.1594700502231716,
    1.1634846670553087
  ],
  "val_loss": [
    1.5005357012152671,
    1.450489193201065,
    1.4390383757650853,
    1.4640649244189263,
    1.403442057967186,
    1.3764379121363164,
    1.3948999673128128,
    1.3838688932359218,
    1.3734953857958316,
    1.383151087164879,
    1.3953091971576215,
    1.3633593291044235,
    1.363341184705496,
    1.3966970413923263,
    1.3677571929991246,
    1.371566904336214,
    1.393752110004425,
    1.397431169450283,
    1.395229034870863,
    1.3984006568789482,
    1.3984006568789482,
    1.400067924708128,
    1.3979944474995136,
    1.4083379618823528,
    1.4087052762508392
  ],
  "val_f1_macro": [
    0.1170215939511593,
    0.11275026787979771,
    0.14140760945995884,
    0.1372212679360329,
    0.19162138383842978,
    0.21946744552989975,
    0.19935865825015123,
    0.19848326885417572,
    0.22861061631487606,
    0.22158437104101164,
    0.23791120409001684,
    0.2331882985024865,
    0.23328998423098968,
    0.24487592274134734,
    0.2436619007304477,
    0.2465249354650765,
    0.2542423019036932,
    0.2401723949722219,
    0.23883881838317625,
    0.24131385040441256,
    0.24131385040441256,
    0.24305720255049384,
    0.2431005874773616,
    0.2416014753402542,
    0.2376157334622777
  ],
  "lr": [
    0.00011999999999999998,
    0.00020999999999999995,
    0.0003,
    0.00029744596495258525,
    0.0002898708344106533,
    0.0002775325703594421,
    0.00026085133758309883,
    0.00024039519545688846,
    0.00021686075336648075,
    0.00019104944851081244,
    0.0001638402539194953,
    0.0001361597460805047,
    0.00010895055148918757,
    8.313924663351933e-05,
    5.960480454311155e-05,
    3.91486624169011e-05,
    2.24674296405579e-05,
    1.0129165589346643e-05,
    2.554035047414732e-06,
    0.0,
    2.554035047414732e-06,
    1.0129165589346611e-05,
    2.2467429640557886e-05,
    3.914866241690114e-05,
    5.9604804543111434e-05
  ],
  "grad_norm_min": [
    0.0,
    2.5452883520298277,
    1.8587378635294733,
    1.7255194692230411,
    1.4292327487887255,
    1.421122238935372,
    1.4365616576742422,
    1.538138558471664,
    1.5120761333095847,
    1.735302453419514,
    0.0,
    1.9230117086281149,
    0.0,
    1.8929335590266663,
    2.27213626377076,
    2.4525067352829115,
    2.2693952059924722,
    2.668235437486168,
    2.4385277167638555,
    0.0,
    2.590017247874828,
    2.800638880991949,
    2.5805311122951533,
    2.624494174720032,
    2.6631325443034934
  ],
  "grad_norm_mean": [
    7.140130099089975,
    4.2423144128055625,
    3.587134993355723,
    3.1664355580553964,
    2.805676875478812,
    2.7381754366172273,
    2.783363010681877,
    2.784426110016267,
    2.8875882190812354,
    2.9205424356485246,
    3.036219262645294,
    3.370282265709835,
    3.350786804506839,
    3.667373470743219,
    3.901853716879251,
    4.064156734634158,
    4.251210218948192,
    4.363170818113624,
    4.363875453805441,
    4.425039125171485,
    4.429526148974181,
    4.43766643442996,
    4.5474185901046225,
    4.570799532587573,
    4.652458460622515
  ],
  "grad_norm_max": [
    13.947019854432945,
    8.360669315864758,
    8.588640730715358,
    9.855894862809143,
    6.422012647345717,
    5.45617839048697,
    5.754706858115791,
    5.929996114337435,
    6.819866796104551,
    6.437507146410911,
    5.486419437751481,
    5.702250455736896,
    6.8473703090051945,
    7.585357483268543,
    7.995962461178748,
    10.015902389965468,
    9.203336925361036,
    8.570370087654483,
    9.375442780874293,
    8.884109439521504,
    9.513912773305005,
    8.514825118405499,
    8.220036511804812,
    9.031930347279122,
    8.950139790448528
  ]
}