{
  "train_loss": [
    1.585163327679038,
    1.5075238142162561,
    1.4626740112900734,
    1.4208664413541556,
    1.3908686824142933,
    1.3611168017610908,
    1.341825525276363,
    1.3265992360189558,
    1.3109725115820765,
    1.2896132858470082,
    1.2725149957463144,
    1.2617605917155743,
    1.2424362862482667,
    1.2365750033408403,
    1.2173635793849826,
    1.2005710951983928
  ],
  "val_loss": [
    1.4853957504034043,
    1.4455582447350026,
    1.4174281448125838,
    1.5049141317605972,
    1.3854444973170756,
    1.3897452443838119,
    1.3598349936306477,
    1.3361396096646785,
    1.3397122770547867,
    1.33486365377903,
    1.3533888064324855,
    1.3286653570830822,
    1.3510011546313763,
    1.3609607934951782,
    1.3438506297767163,
    1.3409172505140305
  ],
  "val_f1_macro": [
    0.1387992138818374,
    0.08033765796313047,
    0.18631199506454732,
    0.1112324946973097,
    0.20794703577595552,
    0.2334938095480682,
    0.23550586879512497,
    0.2666206213833463,
    0.2582520386203179,
    0.257722181715237,
    0.26300491855882124,
    0.2583727595831494,
    0.259448601944468,
    0.25058862551431726,
    0.26304629498426474,
    0.25796800785041946
  ],
  "lr": [
    0.00011999999999999998,
    0.00020999999999999995,
    0.0003,
    0.00029744596495258525,
    0.0002898708344106533,
    0.0002775325703594421,
    0.00026085133758309883,
    0.00024039519545688846,
    0.00021686075336648075,
    0.00019104944851081244,
    0.0001638402539194953,
    0.0001361597460805047,
    0.00010895055148918757,
    8.313924663351933e-05,
    5.960480454311155e-05,
    3.91486624169011e-05
  ],
  "grad_norm_min": [
    0.0,
    2.4679127314552765,
    1.7351171755193031,
    1.650852848983511,
    1.5208128128600689,
    1.506243598435117,
    1.6579512612387002,
    1.6027872914503105,
    1.7325823119203254,
    0.0,
    1.790289068538971,
    1.941329544608009,
    2.039633502438035,
    1.90059385169608,
    2.2313972881378947,
    0.0
  ],
  "grad_norm_mean": [
    7.192461925023997,
    4.558103972160718,
    3.546908328108839,
    2.936454144658032,
    2.730154809522675,
    2.7697864994913495,
    2.7480839816123557,
    2.80327460047049,
    2.9089299450577863,
    2.978748461806237,
    3.173599126718287,
    3.3929698185600996,
    3.622359737736082,
    3.6662805358423762,
    3.8539555758478263,
    4.199760065535068
  ],
  "grad_norm_max": [
    14.444386905526155,
    10.972049398306233,
    6.8401386761574905,
    6.055360566769416,
    5.68145762532118,
    5.950052192872491,
    5.65220477846033,
    5.8242843988213435,
    6.693331909994054,
    6.0473535029721495,
    6.032941552297369,
    7.360854885392876,
    7.584434003891353,
    8.23068159306083,
    8.829229282614854,
    10.30940651640276
  ]
}