{
  "train_loss": [
    1.6206351042700358,
    1.5527116146377737,
    1.541519927434595,
    1.5283665412279137,
    1.4992074585686166,
    1.4655791978872321,
    1.4551626212696611,
    1.422458871009232,
    1.4065410535598435,
    1.390122921747853,
    1.377327010885391,
    1.3564318518221605,
    1.343960847691438,
    1.3286981868199976,
    1.3149297423235817,
    1.2979152243400254,
    1.2861589972963805,
    1.2844941994536512,
    1.2771918968556044,
    1.2722006054885486,
    1.274502975405849,
    1.262192237513147,
    1.2714087192549905,
    1.2759711538430856,
    1.2717128958085644
  ],
  "val_loss": [
    1.531843243223248,
    1.5247278646989302,
    1.5217432722900852,
    1.5368103330785579,
    1.4880361900185093,
    1.4519837525757877,
    1.4429065034244999,
    1.4419755736986797,
    1.4096012052261468,
    1.4104053116205968,
    1.3993564690604354,
    1.4082347073338248,
    1.3746039442943805,
    1.3905596258965405,
    1.3991187485781582,
    1.3784370323022206,
    1.381036740360838,
    1.380943192225514,
    1.3822871911706347,
    1.3828472314458904,
    1.3828472314458904,
    1.383966997717366,
    1.3830783051071744,
    1.3837714511336703,
    1.3888441306171995
  ],
  "val_f1_macro": [
    0.07059391007253063,
    0.07461409641812894,
    0.07475252891805372,
    0.03983186549239392,
    0.15033540587900968,
    0.1937526134177685,
    0.2025602827350108,
    0.1982471677682523,
    0.24888976336832436,
    0.23753851196008519,
    0.24249510541978914,
    0.22670613463208614,
    0.24096168722395744,
    0.24319350286482116,
    0.24876198534645466,
    0.25238120177854884,
    0.25450509630613044,
    0.24375527034062497,
    0.24409320525185643,
    0.24009504186566144,
    0.24009504186566144,
    0.24313044923975283,
    0.23837329824359843,
    0.24830030234875144,
    0.24121801209889893
  ],
  "lr": [
    0.00011999999999999998,
    0.00020999999999999995,
    0.0003,
    0.00029744596495258525,
    0.0002898708344106533,
    0.0002775325703594421,
    0.00026085133758309883,
    0.00024039519545688846,
    0.00021686075336648075,
    0.00019104944851081244,
    0.0001638402539194953,
    0.0001361597460805047,
    0.00010895055148918757,
    8.313924663351933e-05,
    5.960480454311155e-05,
    3.91486624169011e-05,
    2.24674296405579e-05,
    1.0129165589346643e-05,
    2.554035047414732e-06,
    0.0,
    2.554035047414732e-06,
    1.0129165589346611e-05,
    2.2467429640557886e-05,
    3.914866241690114e-05,
    5.9604804543111434e-05
  ],
  "grad_norm_min": [
    0.0,
    2.5517103721180106,
    1.2407498106600172,
    1.1207665457917877,
    0.9799015297670753,
    0.9696228065974297,
    1.0771724163082639,
    0.0,
    1.136599330619973,
    1.3193556490546117,
    1.2498843835717117,
    1.5069107028546957,
    1.7584296242077753,
    0.0,
    1.8699424525015185,
    1.8735923426518966,
    2.275062591543662,
    2.170357561393419,
    2.0957794200365463,
    2.119014465213522,
    2.1605768282912288,
    2.18436434256431,
    0.0,
    2.3050951863670277,
    2.467828669198906
  ],
  "grad_norm_mean": [
    7.514530712688021,
    4.475747051987161,
    2.6838818595868132,
    2.1509117516319094,
    1.976352116470944,
    2.2240498789803094,
    2.146670154646591,
    2.2392835144700154,
    2.4800336658566478,
    2.562799402281879,
    2.811850907730316,
    3.0476505579575317,
    3.195853059937902,
    3.410910654279913,
    3.628167272151432,
    3.798154276819415,
    3.947858758511122,
    4.06491215344972,
    4.027574790855658,
    4.089069034893563,
    4.091211084824628,
    4.101381647569013,
    4.0440897229667545,
    4.185206718541638,
    4.21806643467363
  ],
  "grad_norm_max": [
    16.885172256292314,
    9.516443306178259,
    5.351925433007497,
    4.487872314002824,
    4.9667015979073605,
    5.057518821932414,
    6.078095195316518,
    4.973244903546655,
    5.712856646607858,
    5.491969058992754,
    6.135934919659324,
    6.164788409776309,
    7.9097192987627505,
    9.137175813778512,
    10.138922667075638,
    7.828946253794476,
    7.566027328065295,
    10.648424500027302,
    9.933992923129999,
    8.719221682159164,
    8.685477245972235,
    8.125095359513747,
    9.336288988408356,
    12.842039632141596,
    8.940355447480028
  ]
}