class,precision,recall,f1,support
Class 0,0.228070,0.300000,0.259136,130
Class 1,0.250000,0.052632,0.086957,171
Class 2,0.180952,0.204301,0.191919,93
Class 3,0.172043,0.262295,0.207792,61
Class 4,0.256098,0.230769,0.242775,91
Class 5,0.364000,0.590909,0.450495,154
Class 6,0.312925,0.235897,0.269006,195
Class 7,0.272727,0.295455,0.283636,132
macro avg,0.254602,0.271532,0.248964,1027
weighted avg,0.268845,0.272639,0.253599,1027
