{
  "train_loss": [
    1.630698220811416,
    1.5582303620109994,
    1.540953002048536,
    1.5363705226223732,
    1.5099356935957993,
    1.4680865225683146,
    1.4352159615705222,
    1.4289235100999984,
    1.4004906298089843,
    1.3800997389586707,
    1.3588789973422148,
    1.3453042518503313,
    1.3372209019987302,
    1.3067051641388086,
    1.291465611965484,
    1.2787169780114758,
    1.2674225958581207,
    1.261358884804149,
    1.2556442461992852,
    1.2543656232239175,
    1.2478469064027184,
    1.2462080116507672,
    1.2522190695933062,
    1.2542579439203096,
    1.253317878500137,
    1.2633573934152553,
    1.2656205885763858,
    1.2596723677540913
  ],
  "val_loss": [
    1.5333402048457752,
    1.5251845861926223,
    1.5149305101596948,
    1.5145288507143657,
    1.482756984053236,
    1.445628249283993,
    1.4755692328467513,
    1.4509593492204493,
    1.425924295728857,
    1.4275853552601554,
    1.4109924390460507,
    1.4168236815568171,
    1.413478504527699,
    1.4262738995479816,
    1.4278821294957942,
    1.4199443766565034,
    1.4278875182975421,
    1.428658231641307,
    1.4289902918266528,
    1.4287420438997673,
    1.4287420438997673,
    1.429673276164315,
    1.4290250783616847,
    1.4332957412257339,
    1.4327576711322323,
    1.4346578256650404,
    1.4269758824146155,
    1.4421823340834994
  ],
  "val_f1_macro": [
    0.043992446193804116,
    0.11096863408466032,
    0.06390129025550986,
    0.06741755410511852,
    0.12248560279537411,
    0.17116667444487504,
    0.1592684236796561,
    0.1978141980725664,
    0.19732558509359163,
    0.20612827328303818,
    0.22845993973683637,
    0.2182786361418424,
    0.2250600170810157,
    0.22910443509055625,
    0.22834155072298407,
    0.2342992625655169,
    0.2423387777188768,
    0.24054148575602136,
    0.24099242789851183,
    0.2444679132882895,
    0.2444679132882895,
    0.24115483147146546,
    0.24388082404517022,
    0.2391961339595205,
    0.23822468188146634,
    0.23678414756228802,
    0.23943347040673496,
    0.24332140719909773
  ],
  "lr": [
    0.00011999999999999998,
    0.00020999999999999995,
    0.0003,
    0.00029744596495258525,
    0.0002898708344106533,
    0.0002775325703594421,
    0.00026085133758309883,
    0.00024039519545688846,
    0.00021686075336648075,
    0.00019104944851081244,
    0.0001638402539194953,
    0.0001361597460805047,
    0.00010895055148918757,
    8.313924663351933e-05,
    5.960480454311155e-05,
    3.91486624169011e-05,
    2.24674296405579e-05,
    1.0129165589346643e-05,
    2.554035047414732e-06,
    0.0,
    2.554035047414732e-06,
    1.0129165589346611e-05,
    2.2467429640557886e-05,
    3.914866241690114e-05,
    5.9604804543111434e-05,
    8.313924663351918e-05,
    0.00010895055148918756,
    0.00013615974608050473
  ],
  "grad_norm_min": [
    0.0,
    2.092427381056625,
    1.512556096836842,
    0.9617392916477203,
    0.9835230110324764,
    1.0574313123724612,
    0.9944206448620759,
    1.3493566733319067,
    1.4103814349037094,
    0.0,
    1.7398643479646687,
    1.848578087608504,
    1.800249768097399,
    1.822101815145786,
    2.1184218214949757,
    2.3692196035158055,
    2.3695023696796245,
    0.0,
    2.194190203393358,
    2.368237907544077,
    2.1880840377399027,
    2.3103217941315326,
    2.3442377771061342,
    2.527815027755763,
    2.408687771718226,
    0.0,
    2.5752095793111454,
    2.5239692664949924
  ],
  "grad_norm_mean": [
    7.423929439398454,
    4.319532020991429,
    2.9498904471722387,
    2.0615645990135127,
    2.0811694704086237,
    2.2824020190709975,
    2.3275831946886947,
    2.531925266701888,
    2.7482042182561286,
    2.9613741982977118,
    3.195235565708801,
    3.3254414961610594,
    3.40042375680991,
    3.6281869333604635,
    3.714074526690271,
    3.9662296596127424,
    3.99943776966543,
    4.042663163076979,
    3.973962113673957,
    4.157736859240403,
    4.207030797525095,
    4.162429560456727,
    4.2287472867594635,
    4.190776300493779,
    4.404486300519379,
    4.398439143817843,
    4.601215426359334,
    4.542719252985843
  ],
  "grad_norm_max": [
    18.673276310823695,
    9.017881264555442,
    5.902303601311995,
    5.673819882038366,
    4.9951942693687545,
    7.684115759155582,
    6.781986954538162,
    8.576595623058616,
    7.246753381646801,
    6.893495902321902,
    6.373883735956503,
    7.661273471874708,
    7.961576532920608,
    7.619463103672281,
    8.026606092041048,
    8.550877742032599,
    7.747810448502405,
    7.930219555369978,
    9.127328316063636,
    8.95224556959207,
    8.407064052258457,
    9.867742527945758,
    8.243840527396658,
    7.8357960835035785,
    9.93600908730111,
    9.586342256301675,
    11.045170658950397,
    11.492484330236811
  ]
}