{
  "train_loss": [
    1.5717765983098593,
    1.5029345502456029,
    1.4731139131845572,
    1.4280479298188136,
    1.3973117040900083,
    1.3760277630809026,
    1.3549343049526215,
    1.3357843533158302,
    1.3180656117888598,
    1.2960676113382363,
    1.2746481152299123,
    1.2559713811064377,
    1.2386389718605921,
    1.2203778790739865,
    1.2091035541051474,
    1.1974307724680655,
    1.1808277815580368,
    1.1713294491936,
    1.161945105363161,
    1.1548972124090562,
    1.1515403174054928,
    1.159415379166603,
    1.1573970808814733,
    1.1608158754996765,
    1.1637505132418413,
    1.170449323570117
  ],
  "val_loss": [
    1.4866184388534933,
    1.4794905970368204,
    1.438171914861172,
    1.4254645539235464,
    1.4008246630052976,
    1.3998525949973095,
    1.4269374427916128,
    1.3799331995505322,
    1.407319741913035,
    1.378170890898644,
    1.399106887322438,
    1.379476265816749,
    1.4131988656671741,
    1.4252521523946449,
    1.4030706927746157,
    1.411838005615186,
    1.445682163479962,
    1.4256863805312145,
    1.4333024349393724,
    1.4321540428113333,
    1.4321540428113333,
    1.4311350938640064,
    1.4356918108614185,
    1.4310509947281849,
    1.4390126398847074,
    1.4269002691099915
  ],
  "val_f1_macro": [
    0.0925120283269536,
    0.14198114411922397,
    0.16091293260777143,
    0.1837140826948245,
    0.18088314111019876,
    0.23247993682484536,
    0.23782728563714858,
    0.24062605977253704,
    0.25507659518307046,
    0.2657697450968435,
    0.2335459004525658,
    0.24176968990981812,
    0.2645805381221191,
    0.25819091167424013,
    0.25394690537686915,
    0.26023445892128927,
    0.26367801936745294,
    0.26844147237632676,
    0.2640048486434917,
    0.2653603675201355,
    0.2653603675201355,
    0.2674086450433727,
    0.26285238207191675,
    0.26308830816361833,
    0.2629146455781408,
    0.26112021687179093
  ],
  "lr": [
    0.00011999999999999998,
    0.00020999999999999995,
    0.0003,
    0.00029744596495258525,
    0.0002898708344106533,
    0.0002775325703594421,
    0.00026085133758309883,
    0.00024039519545688846,
    0.00021686075336648075,
    0.00019104944851081244,
    0.0001638402539194953,
    0.0001361597460805047,
    0.00010895055148918757,
    8.313924663351933e-05,
    5.960480454311155e-05,
    3.91486624169011e-05,
    2.24674296405579e-05,
    1.0129165589346643e-05,
    2.554035047414732e-06,
    0.0,
    2.554035047414732e-06,
    1.0129165589346611e-05,
    2.2467429640557886e-05,
    3.914866241690114e-05,
    5.9604804543111434e-05,
    8.313924663351918e-05
  ],
  "grad_norm_min": [
    0.0,
    2.269211441202806,
    1.6408336646239172,
    1.3244525077973324,
    1.4139545502566084,
    1.3369068124028072,
    1.4272928353199328,
    1.5138519105221353,
    0.0,
    1.6891097980286178,
    1.835660615466575,
    0.0,
    1.9178026261581764,
    2.2771004794471663,
    2.333910160820806,
    0.0,
    2.338956597918946,
    2.7094345231414128,
    2.3427600350745386,
    2.4013146967856085,
    2.333301205271139,
    0.0,
    2.5670173305905273,
    2.5496413426880284,
    2.636926473987014,
    2.918864189943019
  ],
  "grad_norm_mean": [
    7.282158733974839,
    4.505124136188882,
    3.240647727137782,
    2.74645812077531,
    2.5866737789802148,
    2.5564303665165466,
    2.75942787225151,
    2.85926988723513,
    3.060876918362866,
    3.13436732723049,
    3.284408429272414,
    3.36360250063458,
    3.591478064126502,
    3.893182107687521,
    4.092681880564562,
    4.240783003852696,
    4.376682060605047,
    4.542048877838031,
    4.607635402950446,
    4.576153263924903,
    4.55364311856913,
    4.600119237784836,
    4.599310459696465,
    4.748735940818544,
    4.916116838194695,
    5.080664368787821
  ],
  "grad_norm_max": [
    14.125034336217915,
    10.488856267816303,
    11.848076981928253,
    5.949938212652693,
    5.070049561243832,
    4.845915206268339,
    6.228807389802389,
    5.9024984130522915,
    7.2131230387589715,
    8.148396228465577,
    7.5399968771688854,
    7.968611520102495,
    7.577053664866541,
    9.79792638864398,
    8.89416604504202,
    8.476122097722477,
    10.184442598392387,
    11.177413166287808,
    10.78090672056344,
    11.748966468517867,
    10.02562032020048,
    12.047952508317422,
    9.695203335239231,
    9.654568198543272,
    9.561417591513733,
    10.313091935714862
  ]
}