exp,f1_macro,accuracy,loss
phase4b_5subjects_CUDA,0.21821711489186116,0.2399342645850452,1.3933016247563548
