class,precision,recall,f1,support
Class 0,0.245714,0.296552,0.268750,145
Class 1,0.228070,0.071429,0.108787,182
Class 2,0.464286,0.127451,0.200000,102
Class 3,0.161111,0.446154,0.236735,65
Class 4,0.383721,0.347368,0.364641,95
Class 5,0.358974,0.454545,0.401146,154
Class 6,0.321168,0.215686,0.258065,204
Class 7,0.240343,0.388889,0.297082,144
macro avg,0.300423,0.293509,0.266901,1091
weighted avg,0.299569,0.275894,0.262510,1091
