{
  "train_loss": [
    1.5765490848571062,
    1.5037874549627304,
    1.4516503144055606,
    1.430772077664733,
    1.3886416992172599,
    1.3613689854741096,
    1.3415325121954083,
    1.3259413560852409,
    1.3069392358884215,
    1.2917923308908938,
    1.2753020828589796,
    1.2608028596267105,
    1.242176223360002,
    1.2282238192856312,
    1.213177097029984,
    1.2019239388406278,
    1.184299723803997,
    1.1744780538603663,
    1.1622283302247525,
    1.1621330723166465,
    1.1565542597323657,
    1.1629303921014071,
    1.1629049688577653,
    1.1652659203857183
  ],
  "val_loss": [
    1.4736056819558143,
    1.4545202866196631,
    1.4095312245190144,
    1.454720664024353,
    1.381187428161502,
    1.3465571634471416,
    1.365772432088852,
    1.3659311957657336,
    1.3478558920323849,
    1.3323976017534733,
    1.3558999173343182,
    1.342892212420702,
    1.3531851083040238,
    1.3501416839659215,
    1.3451660498976707,
    1.3532740868628026,
    1.358347462490201,
    1.3659574843943119,
    1.365580428019166,
    1.3668615952134133,
    1.3668615952134133,
    1.3670646384358407,
    1.3674992330372333,
    1.3715884163975716
  ],
  "val_f1_macro": [
    0.1496314731795541,
    0.1463535284734086,
    0.14800870681538836,
    0.17931191034702204,
    0.20082075554854042,
    0.23308673137598912,
    0.24425635066786638,
    0.23896992976265782,
    0.254599703748059,
    0.25617555121234015,
    0.25752579278747045,
    0.2614817138449895,
    0.254379742150101,
    0.26866550930303024,
    0.27262815919945266,
    0.2738422466421686,
    0.2704499376198396,
    0.2658456033318878,
    0.2625975246656084,
    0.2633309803620605,
    0.2633309803620605,
    0.2585931725810733,
    0.2619119766407637,
    0.25827010055519206
  ],
  "lr": [
    0.00011999999999999998,
    0.00020999999999999995,
    0.0003,
    0.00029744596495258525,
    0.0002898708344106533,
    0.0002775325703594421,
    0.00026085133758309883,
    0.00024039519545688846,
    0.00021686075336648075,
    0.00019104944851081244,
    0.0001638402539194953,
    0.0001361597460805047,
    0.00010895055148918757,
    8.313924663351933e-05,
    5.960480454311155e-05,
    3.91486624169011e-05,
    2.24674296405579e-05,
    1.0129165589346643e-05,
    2.554035047414732e-06,
    0.0,
    2.554035047414732e-06,
    1.0129165589346611e-05,
    2.2467429640557886e-05,
    3.914866241690114e-05
  ],
  "grad_norm_min": [
    0.0,
    2.239968523083432,
    1.8550299565435582,
    1.366734448226881,
    1.6235580155494722,
    1.4246710171741863,
    0.0,
    0.0,
    1.6355965549345683,
    1.789034202183763,
    1.8550303452552481,
    2.052471385760443,
    1.915366005855594,
    2.1632295955526195,
    0.0,
    2.131528475347859,
    0.0,
    2.6424515189843545,
    2.4071586082729803,
    2.4267749475684157,
    2.4238981837237716,
    2.606459904611024,
    2.7518108808095914,
    0.0
  ],
  "grad_norm_mean": [
    7.193374226631965,
    4.42804873591644,
    3.602730992669552,
    2.9997538088256155,
    2.8718650286867713,
    2.8344119648117725,
    2.778889912593087,
    2.8087118079155244,
    2.8728530967995303,
    3.053106920985261,
    3.2235113177145562,
    3.321927155834028,
    3.6496995919270447,
    3.657925790559676,
    3.9499205924037737,
    4.000096465000486,
    4.196343405124872,
    4.342766602524906,
    4.345285513123815,
    4.463141510055985,
    4.389912623199876,
    4.403611778304639,
    4.546602938600556,
    4.591637231087695
  ],
  "grad_norm_max": [
    14.573304609123438,
    7.810105430752671,
    7.7703190268791955,
    8.917669553520648,
    6.690223730795358,
    5.842686057885711,
    5.496297042763394,
    5.22988099858168,
    6.508203808606681,
    6.715239968297049,
    6.39886267282156,
    7.4995900851323825,
    8.003566560361364,
    7.480715612678072,
    8.315265457951998,
    7.825783785765641,
    7.936444908338685,
    10.03918178278553,
    9.359897569291878,
    8.504721835624794,
    8.634086220458894,
    9.216411702835098,
    9.971648146934166,
    10.098863412668823
  ]
}