{
  "train_loss": [
    1.5653638408341761,
    1.518287103927553,
    1.4728162135595477,
    1.4565051079724085,
    1.438437908539976,
    1.4172691041857353,
    1.3901978142066689,
    1.3769761078088665,
    1.345402698340583,
    1.3363790150282449,
    1.3054190945996385,
    1.290679293383884,
    1.2700473835496122,
    1.2516773064776616,
    1.2365098498210834,
    1.2190097663189188,
    1.2017706129337564,
    1.2004137711766165,
    1.1897477231600868,
    1.1838356664672436,
    1.187922306793673,
    1.1848968267440796,
    1.191601285442768,
    1.1925342463333783,
    1.1937834008194592,
    1.196707660354065,
    1.188710497047187
  ],
  "val_loss": [
    1.4759998303193314,
    1.4836373054064238,
    1.424229335784912,
    1.4209791376040533,
    1.407093257170457,
    1.4096596983762888,
    1.3837517435734088,
    1.36949167068188,
    1.396981682227208,
    1.348296312185434,
    1.3344355133863597,
    1.3451420912375818,
    1.3309126111177298,
    1.3391665330299964,
    1.3479661904848539,
    1.33990868971898,
    1.3553809734491202,
    1.3495107201429515,
    1.3497296149914082,
    1.3516213132784918,
    1.3516213132784918,
    1.3514434640224164,
    1.3509593945283156,
    1.3590533366570106,
    1.3607534170150757,
    1.35040792960387,
    1.3656336976931645
  ],
  "val_f1_macro": [
    0.12222507863757576,
    0.07976168011196552,
    0.14063364232872982,
    0.11449405459085998,
    0.15513675638480864,
    0.15360601184949874,
    0.19364666707671763,
    0.21301436490102077,
    0.2084263847136874,
    0.24414510021791289,
    0.2485330642039963,
    0.257209165939537,
    0.25702868721941174,
    0.26149678511994034,
    0.25540891624981565,
    0.2622389129559355,
    0.2593880288772339,
    0.2615910051425634,
    0.2660998609357502,
    0.25925426580484845,
    0.25925426580484845,
    0.25476284583640285,
    0.2576553701549882,
    0.26489789917014167,
    0.25939266363041646,
    0.24030226695396606,
    0.24931785700216696
  ],
  "lr": [
    0.00011999999999999998,
    0.00020999999999999995,
    0.0003,
    0.00029744596495258525,
    0.0002898708344106533,
    0.0002775325703594421,
    0.00026085133758309883,
    0.00024039519545688846,
    0.00021686075336648075,
    0.00019104944851081244,
    0.0001638402539194953,
    0.0001361597460805047,
    0.00010895055148918757,
    8.313924663351933e-05,
    5.960480454311155e-05,
    3.91486624169011e-05,
    2.24674296405579e-05,
    1.0129165589346643e-05,
    2.554035047414732e-06,
    0.0,
    2.554035047414732e-06,
    1.0129165589346611e-05,
    2.2467429640557886e-05,
    3.914866241690114e-05,
    5.9604804543111434e-05,
    8.313924663351918e-05,
    0.00010895055148918756
  ],
  "grad_norm_min": [
    0.0,
    2.3858743852177575,
    1.7124455453735865,
    1.5137875232579545,
    1.1212152541087486,
    1.4781432705731108,
    0.0,
    1.5042766889741324,
    1.6430189781064426,
    1.8011607349165792,
    2.0082557444766804,
    1.9602727231255008,
    2.098358389098646,
    0.0,
    2.2272633608803125,
    2.523800043726949,
    2.280337516174974,
    2.6568960047264305,
    2.5944366469921825,
    2.404382838294783,
    2.898831081886756,
    0.0,
    2.8694145262742947,
    0.0,
    2.9092704550306903,
    2.828966948377779,
    3.04367514100409
  ],
  "grad_norm_mean": [
    7.3273561117836765,
    4.450646996809158,
    3.0554583007164666,
    2.612161911063825,
    2.424097656110339,
    2.526000603702487,
    2.6683966633008342,
    2.8814364596219098,
    3.260753545744304,
    3.3950401900491274,
    3.6833594771665985,
    3.872834896202699,
    4.386285930719881,
    4.350156957807619,
    4.6639949275934045,
    4.95921023158497,
    5.246308600936814,
    5.351605637118889,
    5.253187810800231,
    5.220637984489338,
    5.125201304788061,
    5.249925942180901,
    5.248763721971175,
    5.262572910970994,
    5.597160345765016,
    5.828324386178539,
    5.754282588764899
  ],
  "grad_norm_max": [
    18.55170071387561,
    11.6358104357339,
    5.997254252881522,
    6.2903066477702385,
    7.996429478483039,
    5.607379500395959,
    6.769759393309013,
    9.948778005815155,
    6.801753810539179,
    12.173310138148597,
    11.233689485542245,
    11.211239032584707,
    10.224091756646327,
    10.96241509009202,
    13.201716233346716,
    14.511864625991102,
    17.654197745704998,
    14.567080149748266,
    13.151446592657647,
    12.59340331869733,
    12.893587576016412,
    12.861742885627011,
    11.31799835312744,
    9.851873701276165,
    12.226803520608183,
    16.116716267428632,
    11.354005843794624
  ]
}