{
  "train_loss": [
    1.8216473618761087,
    1.7529089126067283,
    1.7298681378746643,
    1.695235394896605,
    1.662730964521567,
    1.639182984064787,
    1.6066387268977287,
    1.5808235061092255,
    1.5554495542668378,
    1.5308373478742747,
    1.5159787580561943,
    1.481235198581066,
    1.4632758885048902,
    1.432955889365612,
    1.4112108290577545,
    1.3776759931292288,
    1.349747387262491,
    1.323149374853342,
    1.2985297211278708,
    1.2616021936902633,
    1.2464665931482346,
    1.2163618915738204,
    1.203618541168861,
    1.181050836132505,
    1.1786597435577557,
    1.1399558952603586
  ],
  "val_loss": [
    1.9652399363791107,
    1.7458635318051479,
    1.7166398801621359,
    1.6947682579611516,
    1.6716431886147542,
    1.6513713444494138,
    1.6314861269513512,
    1.6168839464521712,
    1.6096069226219396,
    1.6048016551953213,
    1.6047588913304032,
    1.6062722160558032,
    1.6122834078825203,
    1.6206405631675842,
    1.6295712206773698,
    1.643454529107756,
    1.6600501871412727,
    1.6822964158027796,
    1.698190051469074,
    1.7162504716283957,
    1.7353428898343615,
    1.7561304686935084,
    1.7779329491269058,
    1.7906735425542115,
    1.8026407886842253,
    1.8138231217481529
  ],
  "val_f1_macro": [
    0.029950669485553208,
    0.08954682454168202,
    0.1145127142786524,
    0.10977667308457817,
    0.15119161331225683,
    0.20105927785332323,
    0.2221209784592397,
    0.22963588264823714,
    0.24448050401847382,
    0.2477953481146239,
    0.248459134020794,
    0.2582152749828319,
    0.2565672842124641,
    0.2720861894599954,
    0.26678727362388177,
    0.26851818718687603,
    0.2666561165785795,
    0.2687146947843019,
    0.2658900344645955,
    0.25683393302498725,
    0.2478287371642771,
    0.2499602893629817,
    0.25213907860160534,
    0.24508465972221574,
    0.24704191151037844,
    0.24927321522452506
  ],
  "lr": [
    5.6e-05,
    9.2e-05,
    0.000128,
    0.000164,
    0.0002,
    0.0001992114701314478,
    0.0001968583161128631,
    0.00019297764858882514,
    0.00018763066800438636,
    0.00018090169943749476,
    0.00017289686274214118,
    0.000163742398974869,
    0.00015358267949789966,
    0.00014257792915650726,
    0.00013090169943749474,
    0.00011873813145857248,
    0.00010627905195293135,
    9.372094804706867e-05,
    8.126186854142755e-05,
    6.90983005625053e-05,
    5.742207084349274e-05,
    4.6417320502100316e-05,
    3.6257601025131026e-05,
    2.7103137257858868e-05,
    1.909830056250527e-05,
    1.2369331995613644e-05
  ],
  "gating_w": [
    0.0001,
    0.0002,
    0.0003,
    0.0004,
    0.0005,
    0.00046666666666666666,
    0.00043333333333333337,
    0.0004,
    0.0003666666666666667,
    0.0003333333333333334,
    0.0003,
    0.0002666666666666667,
    0.00023333333333333333,
    0.0002,
    0.0002,
    0.0002,
    0.0002,
    0.0002,
    0.0002,
    0.0002,
    0.0002,
    0.0002,
    0.0002,
    0.0002,
    0.0002,
    0.0002
  ]
}