{
  "accuracy": 0.2946357085668535,
  "f1_macro": 0.2720861894599954,
  "precision_macro": 0.33077196151883165,
  "recall_macro": 0.2699064667429453,
  "balanced_accuracy": 0.2699064667429453,
  "loss": 1.6206405631675842
}