class,precision,recall,f1,support
Class 0,0.246032,0.240310,0.243137,129
Class 1,0.171429,0.035294,0.058537,170
Class 2,0.164948,0.170213,0.167539,94
Class 3,0.200000,0.316667,0.245161,60
Class 4,0.352941,0.391304,0.371134,92
Class 5,0.383399,0.629870,0.476658,154
Class 6,0.307143,0.219388,0.255952,196
Class 7,0.269663,0.366412,0.310680,131
macro avg,0.261944,0.296182,0.266100,1026
weighted avg,0.268446,0.288499,0.263343,1026
