class,precision,recall,f1,support
Class 0,0.202614,0.226277,0.213793,137
Class 1,0.281250,0.054545,0.091371,165
Class 2,0.149254,0.105263,0.123457,95
Class 3,0.279412,0.267606,0.273381,71
Class 4,0.359551,0.299065,0.326531,107
Class 5,0.304124,0.491667,0.375796,120
Class 6,0.255814,0.276382,0.265700,199
Class 7,0.239316,0.354430,0.285714,158
macro avg,0.258917,0.259404,0.244468,1052
weighted avg,0.258429,0.257605,0.241023,1052
