class,precision,recall,f1,support
Class 0,0.252688,0.284848,0.267806,165
Class 1,0.222222,0.076923,0.114286,208
Class 2,0.264706,0.081818,0.125000,110
Class 3,0.222222,0.373333,0.278607,75
Class 4,0.312500,0.265487,0.287081,113
Class 5,0.363985,0.536723,0.433790,177
Class 6,0.307339,0.291304,0.299107,230
Class 7,0.286275,0.429412,0.343529,170
macro avg,0.278992,0.292481,0.268651,1248
weighted avg,0.282686,0.292468,0.271651,1248
