{
  "train_loss": [
    1.6083200403980995,
    1.563446942088979,
    1.533264848204811,
    1.505541972732276,
    1.4775609068907378,
    1.4511177843708671,
    1.4378433023694526,
    1.4196549825621454,
    1.407494155376145,
    1.3917924223488636,
    1.3811530272863555,
    1.3682825059703227,
    1.3532284990455328,
    1.3424771557446946,
    1.333100907169701,
    1.3201081848211502,
    1.3088962927962957,
    1.3022708985326665,
    1.2951860240754787,
    1.2923484619162726,
    1.2931895371986908,
    1.291637619266684,
    1.2940711209111,
    1.2944164264821605,
    1.3000012151478382,
    1.298763733566477
  ],
  "val_loss": [
    1.5606035705374068,
    1.5416781613472796,
    1.5074478417885404,
    1.4851906468220453,
    1.4665326218979031,
    1.4539647564834572,
    1.4738099171000034,
    1.4372175641420508,
    1.4517185350760025,
    1.4338335732118088,
    1.4343033586563516,
    1.4160400124825014,
    1.4334826185589744,
    1.4438735331807817,
    1.4223393054903388,
    1.4258343943026888,
    1.432860127684115,
    1.4261669324559658,
    1.4291949200363052,
    1.4309713932312502,
    1.4309713932312502,
    1.4307892668147046,
    1.4338109082534534,
    1.4329156341339027,
    1.427758271620721,
    1.4297873157413066
  ],
  "val_f1_macro": [
    0.09162172766067672,
    0.09874875382632542,
    0.13514286181781104,
    0.16017878369480043,
    0.18644781342357725,
    0.17847744516654307,
    0.19501534924379624,
    0.20182221257795036,
    0.21852062657101207,
    0.21028007395902742,
    0.2265882711879362,
    0.24765735203106076,
    0.2208021188064983,
    0.23697864529250232,
    0.25103731719827177,
    0.250377867439924,
    0.2457006488460964,
    0.25430300677749074,
    0.25356392655567295,
    0.25323447367290775,
    0.25323447367290775,
    0.2519542308849279,
    0.25234417590372504,
    0.2537986599607154,
    0.24190522016754118,
    0.24163022198019607
  ],
  "lr": [
    0.00011999999999999998,
    0.00020999999999999995,
    0.0003,
    0.00029744596495258525,
    0.0002898708344106533,
    0.0002775325703594421,
    0.00026085133758309883,
    0.00024039519545688846,
    0.00021686075336648075,
    0.00019104944851081244,
    0.0001638402539194953,
    0.0001361597460805047,
    0.00010895055148918757,
    8.313924663351933e-05,
    5.960480454311155e-05,
    3.91486624169011e-05,
    2.24674296405579e-05,
    1.0129165589346643e-05,
    2.554035047414732e-06,
    0.0,
    2.554035047414732e-06,
    1.0129165589346611e-05,
    2.2467429640557886e-05,
    3.914866241690114e-05,
    5.9604804543111434e-05,
    8.313924663351918e-05
  ],
  "grad_norm_min": [
    0.0,
    1.3679748325742567,
    0.0,
    1.1089725246298587,
    0.0,
    0.0,
    0.0,
    0.0,
    1.6432056608792105,
    0.0,
    0.0,
    1.5151531500678321,
    0.0,
    0.0,
    0.0,
    0.0,
    2.0352328838439306,
    2.3065527941410355,
    0.0,
    2.363090988446887,
    0.0,
    2.473467378237285,
    0.0,
    0.0,
    2.6100222289347577,
    0.0
  ],
  "grad_norm_mean": [
    4.807272934273115,
    2.6336049911945394,
    2.3505297526291153,
    2.3345743881384515,
    2.4277730405564304,
    2.622648409903655,
    2.742119107687849,
    2.8944123933864736,
    2.9564605335355,
    3.0843778201963885,
    3.2437097572385296,
    3.326039410254271,
    3.555443590639689,
    3.6710383154331665,
    3.8162324849168003,
    4.023960369348901,
    4.13782419857008,
    4.282404819209864,
    4.347051837677975,
    4.357291348496145,
    4.377581860779184,
    4.3714955280261085,
    4.389815841538821,
    4.506239540492633,
    4.496004728833485,
    4.583165086918028
  ],
  "grad_norm_max": [
    20.15778442862891,
    6.449635399067936,
    6.200321226481754,
    6.129391342843612,
    6.822742680017264,
    7.837308534812732,
    6.818028337515136,
    7.623574713175264,
    7.075138418542043,
    9.486588161645667,
    9.113103129897771,
    8.669636828260227,
    8.614755715231201,
    11.886086980281414,
    11.07302628206866,
    9.99260373880475,
    9.536912213595455,
    11.041863805524969,
    11.942459217296934,
    10.362373573441348,
    13.086613900052482,
    9.747994490563313,
    10.799935018567776,
    14.153800251267597,
    10.133954659699109,
    10.370319089073607
  ]
}