{
  "train_loss": [
    1.5838425739266064,
    1.5044139493764142,
    1.473368081137364,
    1.4622386123419735,
    1.4319506023180624,
    1.4061233542772582,
    1.3859825519272326,
    1.361161054340318,
    1.344750667360506,
    1.3170821945027156,
    1.2916563907022143,
    1.2809268468084967,
    1.2596615708291763,
    1.2486140252551217,
    1.2240559927220473,
    1.2067772319344694,
    1.1978988619629976,
    1.1862282525704528,
    1.1803489988416085,
    1.1732698620989166,
    1.1780424426501828,
    1.1721003619149502,
    1.1808390960619144,
    1.1776687120185287,
    1.1802474830864933,
    1.185263200028861
  ],
  "val_loss": [
    1.4695212089098417,
    1.4623116933382474,
    1.4667346147390512,
    1.4342329392066369,
    1.431044933429131,
    1.4581204891204833,
    1.4165584729268001,
    1.3849956503281227,
    1.362313948227809,
    1.3753860840430627,
    1.3752782982129317,
    1.3731618514427772,
    1.3518787008065445,
    1.3538916138502268,
    1.3601434991909906,
    1.3636850247016319,
    1.3684010551525996,
    1.3665074293430035,
    1.3594145252154424,
    1.3653080784357512,
    1.3653080784357512,
    1.3652552439616277,
    1.364456899349506,
    1.3598784786004288,
    1.3822616522128766,
    1.3706897634726305
  ],
  "val_f1_macro": [
    0.10364919623567502,
    0.05875327635327635,
    0.09784309822231481,
    0.09472374096591618,
    0.10267615336159774,
    0.08839579962655968,
    0.19222642599817164,
    0.18670602393884145,
    0.21961359370249972,
    0.21596842443632291,
    0.22700560016063645,
    0.24004487359351825,
    0.24081162852212418,
    0.24750360173762415,
    0.23585862834456367,
    0.22445015888889386,
    0.2366774766690193,
    0.24896449520545422,
    0.24222672680690957,
    0.24110552706639424,
    0.24110552706639424,
    0.24186465368774002,
    0.2364322267213951,
    0.23404763550333924,
    0.23743996800961079,
    0.23760556777568598
  ],
  "lr": [
    0.00011999999999999998,
    0.00020999999999999995,
    0.0003,
    0.00029744596495258525,
    0.0002898708344106533,
    0.0002775325703594421,
    0.00026085133758309883,
    0.00024039519545688846,
    0.00021686075336648075,
    0.00019104944851081244,
    0.0001638402539194953,
    0.0001361597460805047,
    0.00010895055148918757,
    8.313924663351933e-05,
    5.960480454311155e-05,
    3.91486624169011e-05,
    2.24674296405579e-05,
    1.0129165589346643e-05,
    2.554035047414732e-06,
    0.0,
    2.554035047414732e-06,
    1.0129165589346611e-05,
    2.2467429640557886e-05,
    3.914866241690114e-05,
    5.9604804543111434e-05,
    8.313924663351918e-05
  ],
  "grad_norm_min": [
    0.0,
    2.448346447871384,
    1.637325623425609,
    1.31228533364713,
    1.206338941994947,
    1.2496478804787896,
    1.4122404357817666,
    0.0,
    0.0,
    1.863936048701766,
    2.1749981626001547,
    2.212623197305363,
    0.0,
    2.112784440716994,
    2.46017110275923,
    2.258859146309648,
    2.693612147098323,
    2.8672616559704758,
    2.227766586728805,
    2.1519663726630895,
    0.0,
    2.806341813423513,
    2.528972746823074,
    2.958081803405094,
    2.7165316945967812,
    2.681002257506396
  ],
  "grad_norm_mean": [
    7.326982463319188,
    4.493792742942481,
    3.0686883966881884,
    2.590571580318437,
    2.457817561204444,
    2.669810404159625,
    2.7848913617098736,
    2.9228009576811873,
    3.335782027375315,
    3.620302061477601,
    3.9066234984150316,
    3.9392284666789914,
    4.1553529089477,
    4.718390112631547,
    4.6100376680305475,
    4.9247993995714925,
    4.888461933802775,
    5.388087604584218,
    5.219182836308529,
    5.166001780263934,
    5.379044720472459,
    5.155921898270222,
    5.352877505175812,
    5.420999412348014,
    5.4640668924075175,
    5.64039107248134
  ],
  "grad_norm_max": [
    13.140524911751992,
    10.737415433387298,
    6.317263123508816,
    7.180779389224176,
    7.993232751458113,
    7.502698710979115,
    7.746271550367034,
    7.681313964933616,
    9.465473428100184,
    7.959808499390986,
    11.828920360881153,
    9.955878056938074,
    10.25878797676885,
    11.344356278480273,
    13.552360702973163,
    12.758448345668867,
    11.839425820210026,
    13.803907035555598,
    12.624032521049484,
    14.12784337139285,
    20.14606799818581,
    13.972882704365489,
    12.232058972788687,
    13.603628038653806,
    11.38929805827877,
    16.132775986716457
  ]
}