{
  "accuracy": 0.12353789456817818,
  "f1_macro": 0.09874202295071378,
  "precision_macro": 0.10627569307697189,
  "recall_macro": 0.11391992189868393,
  "balanced_accuracy": 0.11391992189868393,
  "loss": 1.7580165189145927
}