{
  "train_loss": [
    1.6301747841526801,
    1.5592495787732954,
    1.5340461187036318,
    1.5305457885727682,
    1.5039170150974404,
    1.4731147144230599,
    1.4424403878672494,
    1.4340488180914759,
    1.4051445650057195,
    1.391510999248055,
    1.3720175057309663,
    1.3565644764628246,
    1.3436920701777526,
    1.3213669739295322,
    1.3095424290845603,
    1.305089917699647,
    1.2930545609713506,
    1.2867256883432656,
    1.2769674289362511,
    1.2780519415670475,
    1.2721460962476838,
    1.2810984625562516,
    1.2725380527655887,
    1.2734492380356155,
    1.2806658554439763,
    1.2834441063521933,
    1.2845118979537442
  ],
  "val_loss": [
    1.52043760545326,
    1.520656948739832,
    1.5196122057510144,
    1.5036554824222217,
    1.4952858316175865,
    1.465319897189285,
    1.4426266442645679,
    1.4375341579769596,
    1.4213260339968132,
    1.4268452362580732,
    1.3985253753084126,
    1.4246702275492928,
    1.4061135803208207,
    1.3996916765516454,
    1.388819846239957,
    1.3992372850577037,
    1.3900337038618145,
    1.3842888040976091,
    1.3872216443220775,
    1.386562000621449,
    1.386562000621449,
    1.3861513056538322,
    1.3894000306273953,
    1.3912484140107126,
    1.3843905871564692,
    1.3867789642377333,
    1.3853727606209842
  ],
  "val_f1_macro": [
    0.12595941012425982,
    0.07683759250438046,
    0.059827890287660404,
    0.07718869573332654,
    0.1496538902500314,
    0.15671511892266954,
    0.1848443193742745,
    0.1826727369526282,
    0.19463812014559195,
    0.2184108724137741,
    0.23514955546909858,
    0.23401527020366059,
    0.2308717949799654,
    0.25235593191616135,
    0.2560135305805441,
    0.2495649708095828,
    0.24355479906247,
    0.24718572827957092,
    0.25809251077138706,
    0.2574988398941415,
    0.2574988398941415,
    0.2530881514952283,
    0.24874897764661819,
    0.24461218240375457,
    0.25041257227586267,
    0.2526594657963931,
    0.241536697343055
  ],
  "lr": [
    0.00011999999999999998,
    0.00020999999999999995,
    0.0003,
    0.00029744596495258525,
    0.0002898708344106533,
    0.0002775325703594421,
    0.00026085133758309883,
    0.00024039519545688846,
    0.00021686075336648075,
    0.00019104944851081244,
    0.0001638402539194953,
    0.0001361597460805047,
    0.00010895055148918757,
    8.313924663351933e-05,
    5.960480454311155e-05,
    3.91486624169011e-05,
    2.24674296405579e-05,
    1.0129165589346643e-05,
    2.554035047414732e-06,
    0.0,
    2.554035047414732e-06,
    1.0129165589346611e-05,
    2.2467429640557886e-05,
    3.914866241690114e-05,
    5.9604804543111434e-05,
    8.313924663351918e-05,
    0.00010895055148918756
  ],
  "grad_norm_min": [
    0.0,
    2.159231395433965,
    1.5606720438624169,
    1.0731398130512169,
    0.9723975281638605,
    0.9307024410358796,
    1.0887285000262847,
    1.1302762846019596,
    0.0,
    0.0,
    1.5644274761728134,
    1.3423449790692683,
    1.6056678286083974,
    1.8188571380702125,
    1.9135867614867432,
    1.759153797417799,
    1.746731352375372,
    0.0,
    2.0456513929631894,
    2.025223664070987,
    2.1860475709724048,
    1.6571424765081373,
    2.179450394473152,
    2.2329578970613038,
    2.2404231226741147,
    2.172560045646568,
    2.164030452482377
  ],
  "grad_norm_mean": [
    7.156660212338068,
    4.379716091902116,
    2.713329762230759,
    2.0989964582493505,
    1.9510577466595938,
    2.1896106061549427,
    2.1150736136139137,
    2.35583073292504,
    2.5873190777375434,
    2.7316980759312424,
    3.0427166402300863,
    3.1422445124692935,
    3.4046009206806667,
    3.4424606631849004,
    3.7694199830792097,
    3.916681281340324,
    4.111431590883034,
    4.107639954931377,
    4.016535424698792,
    4.21396633928244,
    4.138510394827555,
    4.214336812940482,
    4.199529595140911,
    4.3501012879292755,
    4.293717386422013,
    4.421590060311091,
    4.481943298333249
  ],
  "grad_norm_max": [
    14.356976739481734,
    8.180409934895247,
    6.263050219025425,
    5.553620178298283,
    5.501437032650777,
    5.9091227621291305,
    6.736810724789877,
    5.683058122536364,
    7.459457840667722,
    6.613284935116431,
    8.177708136200971,
    9.428944500242052,
    7.51662279052354,
    8.510881111804254,
    9.917086298029952,
    9.412251443197125,
    9.57539257327661,
    12.599220535867245,
    9.27303992747277,
    9.931730686149306,
    10.541413049153133,
    10.490808207116503,
    9.617826285968869,
    10.039263153685653,
    12.13819782275208,
    11.447654270924623,
    10.470556283315625
  ]
}