class,precision,recall,f1,support
Class 0,0.216561,0.248175,0.231293,137
Class 1,0.280000,0.042683,0.074074,164
Class 2,0.194030,0.135417,0.159509,96
Class 3,0.165468,0.323944,0.219048,71
Class 4,0.422222,0.351852,0.383838,108
Class 5,0.293839,0.516667,0.374622,120
Class 6,0.358621,0.262626,0.303207,198
Class 7,0.275229,0.379747,0.319149,158
macro avg,0.275746,0.282639,0.258093,1052
weighted avg,0.286424,0.274715,0.258147,1052
