class,precision,recall,f1,support
Class 0,0.232877,0.301775,0.262887,169
Class 1,0.230769,0.070755,0.108303,212
Class 2,0.230769,0.156522,0.186528,115
Class 3,0.139344,0.223684,0.171717,76
Class 4,0.216981,0.200000,0.208145,115
Class 5,0.382716,0.513812,0.438679,181
Class 6,0.380711,0.316456,0.345622,237
Class 7,0.265060,0.379310,0.312057,174
macro avg,0.259903,0.270289,0.254242,1279
weighted avg,0.278328,0.279906,0.266956,1279
