{
  "train_loss": [
    1.588480035463969,
    1.5027796082444242,
    1.4479185997784794,
    1.3926314467038863,
    1.3590453498529427,
    1.3226407109162746,
    1.3018358122734797,
    1.2673186967661092,
    1.2465023025051578,
    1.2152141701607477,
    1.1845077789310134,
    1.1591165620328743,
    1.1293174790375398,
    1.102402124431107,
    1.069849479111123
  ],
  "val_loss": [
    1.469208824461785,
    1.4474108167316602,
    1.4161752756091133,
    1.4356508324111716,
    1.3832542576651643,
    1.3622638885525689,
    1.3658237906469815,
    1.3657038082247195,
    1.382807407690131,
    1.385413072247436,
    1.3929668224376182,
    1.4226280450820923,
    1.4522833340409873,
    1.442649207253387,
    1.4542735529982525
  ],
  "val_f1_macro": [
    0.13047624787550396,
    0.1473728174686328,
    0.20257304872173595,
    0.1654254798976319,
    0.21941617120468712,
    0.27039104761624844,
    0.271600549795335,
    0.25815489737641417,
    0.26887918033874136,
    0.26064585887320485,
    0.2631054014178047,
    0.25320762636204885,
    0.2560034932196888,
    0.2678275151077574,
    0.2647838616124679
  ],
  "lr": [
    0.00011999999999999998,
    0.00020999999999999995,
    0.0003,
    0.00029744596495258525,
    0.0002898708344106533,
    0.0002775325703594421,
    0.00026085133758309883,
    0.00024039519545688846,
    0.00021686075336648075,
    0.00019104944851081244,
    0.0001638402539194953,
    0.0001361597460805047,
    0.00010895055148918757,
    8.313924663351933e-05,
    5.960480454311155e-05
  ],
  "grad_norm_min": [
    0.0,
    2.8022953310637106,
    2.4911171932589715,
    2.418544329779177,
    2.0593641113087715,
    2.119847805412877,
    1.9657248522627244,
    2.1046781068204417,
    0.0,
    2.380588250242963,
    2.543217781364236,
    0.0,
    3.01845779308851,
    2.7938821462216676,
    2.5989822805036056
  ],
  "grad_norm_mean": [
    7.378336573292316,
    5.130916600387984,
    4.057848183375995,
    3.6803573561452128,
    3.4159258961030683,
    3.2812741325816654,
    3.374961283086328,
    3.3937905417900467,
    3.6910298249361535,
    3.7980689174101934,
    4.0917954637436,
    4.363688074117049,
    4.759527831676121,
    4.900967985559213,
    5.287776225794801
  ],
  "grad_norm_max": [
    12.982011631790332,
    8.958082560003886,
    8.12677801199752,
    6.806786298289946,
    7.110595184979441,
    6.041430604524569,
    6.830558647570929,
    6.590073154773614,
    7.369546318827191,
    9.172380569883417,
    8.603902252738697,
    10.226903349359915,
    9.137494414159555,
    8.478899528600992,
    13.469582235840376
  ]
}