class,precision,recall,f1,support
Class 0,0.251462,0.260606,0.255952,165
Class 1,0.183486,0.096154,0.126183,208
Class 2,0.180851,0.154545,0.166667,110
Class 3,0.169811,0.240000,0.198895,75
Class 4,0.290000,0.256637,0.272300,113
Class 5,0.368852,0.508475,0.427553,177
Class 6,0.336538,0.304348,0.319635,230
Class 7,0.254630,0.323529,0.284974,170
macro avg,0.254454,0.268037,0.256520,1248
weighted avg,0.265251,0.274038,0.264533,1248
