class,precision,recall,f1,support
Class 0,0.210084,0.294118,0.245098,170
Class 1,0.315789,0.084507,0.133333,213
Class 2,0.194631,0.254386,0.220532,114
Class 3,0.240000,0.157895,0.190476,76
Class 4,0.369863,0.234783,0.287234,115
Class 5,0.404651,0.483333,0.440506,180
Class 6,0.338095,0.299578,0.317673,237
Class 7,0.250871,0.413793,0.312364,174
macro avg,0.290498,0.277799,0.268402,1279
weighted avg,0.299106,0.286161,0.274939,1279
