exp,f1_macro,accuracy,loss
phase4b_5subjects_CUDA,0.27712087554374853,0.3082465972778223,1.3925785505318944
