class,precision,recall,f1,support
Class 0,0.219512,0.310345,0.257143,145
Class 1,0.280702,0.087912,0.133891,182
Class 2,0.241379,0.207921,0.223404,101
Class 3,0.263158,0.384615,0.312500,65
Class 4,0.237288,0.294737,0.262911,95
Class 5,0.390374,0.474026,0.428152,154
Class 6,0.318471,0.243902,0.276243,205
Class 7,0.216216,0.277778,0.243161,144
macro avg,0.270888,0.285155,0.267176,1091
weighted avg,0.278170,0.273144,0.263141,1091
