{
  "train_loss": [
    1.578453586505244,
    1.5023870982301122,
    1.4659089726000167,
    1.438121443168043,
    1.4095140912662298,
    1.3854703836547682,
    1.3510614957291478,
    1.3356375427672658,
    1.313157710785302,
    1.2916349690562239,
    1.2834252595139768,
    1.263083346545125,
    1.244703094037577,
    1.2243594080685807,
    1.2151077947677515,
    1.196148923029915,
    1.1870953871038394,
    1.1853914637916005,
    1.170813932681617,
    1.174291390390061,
    1.1648425707420982,
    1.1618567653738272,
    1.1678548255286658,
    1.1778219696431875
  ],
  "val_loss": [
    1.47446770240099,
    1.4576629874033806,
    1.4274798196095686,
    1.4270397218374105,
    1.4269399757568653,
    1.3928472514335926,
    1.355031518599926,
    1.3581869793243897,
    1.3934706915647557,
    1.3375097964054499,
    1.3453554136630816,
    1.3408312637072344,
    1.3389958907396367,
    1.343110482662152,
    1.349811661701936,
    1.341462580821453,
    1.3436053097248077,
    1.3473239036706777,
    1.3417779436478248,
    1.3464530500081868,
    1.3464530500081868,
    1.3485963015984266,
    1.3480007717242608,
    1.352196956292177
  ],
  "val_f1_macro": [
    0.11605566175972197,
    0.11481000397264633,
    0.13638279540469037,
    0.15071082120712986,
    0.1753380988272124,
    0.17034532585270823,
    0.2211304270140117,
    0.2261634174811932,
    0.22667337548823407,
    0.2395286727761649,
    0.21712764208220742,
    0.2352491605403773,
    0.23738477815540326,
    0.25587086535969883,
    0.2357879650078013,
    0.256519968833466,
    0.24748687391058963,
    0.24673405623445793,
    0.2456461052862919,
    0.24584703188374432,
    0.24584703188374432,
    0.24731907080231655,
    0.2493677677486037,
    0.2543084771910955
  ],
  "lr": [
    0.00011999999999999998,
    0.00020999999999999995,
    0.0003,
    0.00029744596495258525,
    0.0002898708344106533,
    0.0002775325703594421,
    0.00026085133758309883,
    0.00024039519545688846,
    0.00021686075336648075,
    0.00019104944851081244,
    0.0001638402539194953,
    0.0001361597460805047,
    0.00010895055148918757,
    8.313924663351933e-05,
    5.960480454311155e-05,
    3.91486624169011e-05,
    2.24674296405579e-05,
    1.0129165589346643e-05,
    2.554035047414732e-06,
    0.0,
    2.554035047414732e-06,
    1.0129165589346611e-05,
    2.2467429640557886e-05,
    3.914866241690114e-05
  ],
  "grad_norm_min": [
    0.0,
    2.3361928270660792,
    1.6680010116505308,
    1.3785391123154922,
    1.356858540429752,
    1.1108708626476071,
    1.3848818811367125,
    1.5086956910040086,
    1.6415086652980722,
    1.8388718397723212,
    1.8875138207291842,
    1.734079944800211,
    0.0,
    0.0,
    2.2940051425783605,
    1.984213138388645,
    2.2250073716112957,
    2.466178919460672,
    2.430490617469693,
    0.0,
    2.2591878916161976,
    2.3702339517558757,
    2.5225833287310535,
    0.0
  ],
  "grad_norm_mean": [
    7.088400386494236,
    4.3346874135109585,
    3.072930620640685,
    2.754847599703094,
    2.703661237040427,
    2.580586350861378,
    2.5535739303914755,
    2.726860625841087,
    2.864970295799685,
    2.9942727054025777,
    3.233895720647577,
    3.246467862647412,
    3.339050700118082,
    3.6029241890189416,
    3.967507901317716,
    4.005016601425915,
    4.099544844545373,
    4.257222846019797,
    4.370360355661622,
    4.137755447840133,
    4.266794536978452,
    4.375739976770765,
    4.414249447248273,
    4.3128249353473995
  ],
  "grad_norm_max": [
    18.29467512872356,
    10.621695174307446,
    13.132302894724692,
    7.720670346484835,
    7.405078875859425,
    15.838428831783734,
    9.080293917082706,
    7.342324609624524,
    6.632106371665449,
    6.052064187872844,
    12.326647649068867,
    6.958492343299122,
    6.098428180860469,
    6.626934912886939,
    35.258076151801596,
    11.315000545230038,
    19.690145561566325,
    18.16079335296249,
    11.608535492062286,
    10.16732650510542,
    17.12275481020913,
    16.521808643353936,
    27.35448004113805,
    12.835819800100104
  ]
}