class,precision,recall,f1,support
Class 0,0.218045,0.224806,0.221374,129
Class 1,0.339623,0.105263,0.160714,171
Class 2,0.196429,0.118280,0.147651,93
Class 3,0.168421,0.266667,0.206452,60
Class 4,0.320755,0.369565,0.343434,92
Class 5,0.342857,0.623377,0.442396,154
Class 6,0.406667,0.311224,0.352601,196
Class 7,0.267974,0.312977,0.288732,131
macro avg,0.282596,0.291520,0.270419,1026
weighted avg,0.303798,0.298246,0.281498,1026
