class,precision,recall,f1,support
Class 0,0.236994,0.280822,0.257053,146
Class 1,0.266667,0.066298,0.106195,181
Class 2,0.227723,0.227723,0.227723,101
Class 3,0.186916,0.307692,0.232558,65
Class 4,0.252525,0.263158,0.257732,95
Class 5,0.431034,0.649351,0.518135,154
Class 6,0.306977,0.323529,0.315036,204
Class 7,0.285714,0.234483,0.257576,145
macro avg,0.274319,0.294132,0.271501,1091
weighted avg,0.286378,0.294225,0.275674,1091
