class,precision,recall,f1,support
Class 0,0.226519,0.280822,0.250765,146
Class 1,0.179856,0.137363,0.155763,182
Class 2,0.476190,0.099010,0.163934,101
Class 3,0.259259,0.323077,0.287671,65
Class 4,0.555556,0.263158,0.357143,95
Class 5,0.301038,0.568627,0.393665,153
Class 6,0.307377,0.365854,0.334076,205
Class 7,0.296703,0.187500,0.229787,144
macro avg,0.325312,0.278176,0.271601,1091
weighted avg,0.307357,0.285060,0.271266,1091
