{
  "train_loss": [
    1.6041688184570848,
    1.5660219573138052,
    1.5340604772065816,
    1.5077554702758789,
    1.4769691787686263,
    1.4539918101043032,
    1.437939464585823,
    1.4224075559984173,
    1.4104772018968013,
    1.3972333810622233,
    1.386136942160757,
    1.3732187601976227,
    1.3608484020149498,
    1.3500737432429666,
    1.339114448438611,
    1.3269306278647037,
    1.3163878302825125,
    1.3112801423825715,
    1.3045106723852324,
    1.3031539571494386,
    1.3008031065003913,
    1.3035741092447648,
    1.3024167933380395,
    1.3055259818361518,
    1.3094638237200285,
    1.311081767416837,
    1.3110216548150047,
    1.31580292743549,
    1.316137989111114,
    1.3175726287825065,
    1.314870849032151
  ],
  "val_loss": [
    1.5634540486871527,
    1.5390487353453475,
    1.5117922308069935,
    1.490885982352696,
    1.4835845424552982,
    1.4571120285251167,
    1.439233479372571,
    1.431896564665805,
    1.4259019351742241,
    1.4349233221806836,
    1.4243735830100734,
    1.4306325524040822,
    1.4238324756367822,
    1.4153399124239268,
    1.421733563535669,
    1.4173753370394868,
    1.4191638099008732,
    1.419914422242829,
    1.4205482016118725,
    1.4215327256850983,
    1.4215327256850983,
    1.4220105695925402,
    1.4253328452619274,
    1.4294199838062351,
    1.425501563743259,
    1.426131273421009,
    1.443223842911506,
    1.4275068523508778,
    1.4264875004130804,
    1.421243320857541,
    1.4388187132524641
  ],
  "val_f1_macro": [
    0.07954320736302863,
    0.09429485236315563,
    0.11655202565880071,
    0.13130247154442268,
    0.18490725830771573,
    0.20023216358807994,
    0.20362211926524326,
    0.21634912901120634,
    0.22381349750253654,
    0.22645585250399625,
    0.23081731892543605,
    0.2336675617852454,
    0.23554361863824239,
    0.245724869879092,
    0.24560757217762616,
    0.23935088892314713,
    0.24557930810649514,
    0.24765137140744528,
    0.24891221485068665,
    0.24897705177002233,
    0.24897705177002233,
    0.2486369259161988,
    0.25011976722165297,
    0.24783900573433926,
    0.2497113124638821,
    0.24841161666579803,
    0.24925227354756224,
    0.24352257805547417,
    0.2438186973971871,
    0.23731653845728104,
    0.23632400716699264
  ],
  "lr": [
    0.00011999999999999998,
    0.00020999999999999995,
    0.0003,
    0.00029744596495258525,
    0.0002898708344106533,
    0.0002775325703594421,
    0.00026085133758309883,
    0.00024039519545688846,
    0.00021686075336648075,
    0.00019104944851081244,
    0.0001638402539194953,
    0.0001361597460805047,
    0.00010895055148918757,
    8.313924663351933e-05,
    5.960480454311155e-05,
    3.91486624169011e-05,
    2.24674296405579e-05,
    1.0129165589346643e-05,
    2.554035047414732e-06,
    0.0,
    2.554035047414732e-06,
    1.0129165589346611e-05,
    2.2467429640557886e-05,
    3.914866241690114e-05,
    5.9604804543111434e-05,
    8.313924663351918e-05,
    0.00010895055148918756,
    0.00013615974608050473,
    0.00016384025391949538,
    0.00019104944851081244,
    0.00021686075336648067
  ],
  "grad_norm_min": [
    0.0,
    1.3942603751361693,
    0.0,
    1.2021675451820024,
    1.2022352992158758,
    0.0,
    0.0,
    1.3465641899080436,
    1.2580829839717713,
    0.0,
    0.0,
    0.0,
    1.8854672160580646,
    0.0,
    1.9080235207339697,
    0.0,
    2.181225919973693,
    0.0,
    2.34766855911593,
    0.0,
    2.1696578796968233,
    0.0,
    2.296997127873425,
    0.0,
    0.0,
    0.0,
    2.158982894231313,
    0.0,
    0.0,
    2.4217772366175185,
    2.2676032513525235
  ],
  "grad_norm_mean": [
    4.956656264660029,
    2.626509861255833,
    2.3751989228973707,
    2.366082289316921,
    2.48420483920909,
    2.598938044015751,
    2.7725966381035363,
    2.821719057871202,
    2.9366414880886555,
    3.0841245290686454,
    3.1781883624439553,
    3.3286043131534546,
    3.482356616345272,
    3.652933597289199,
    3.764777714931974,
    3.852213094137328,
    4.066602514529517,
    4.148951533679365,
    4.240335356140711,
    4.2488154645714555,
    4.247913302929708,
    4.2912456701473465,
    4.245799802068451,
    4.304688965206909,
    4.379712748453842,
    4.376522476804492,
    4.5000666237895794,
    4.523814757307043,
    4.5067591010482255,
    4.562961521717544,
    4.532971795875064
  ],
  "grad_norm_max": [
    13.254487060848207,
    5.940635109709391,
    6.7108162391022,
    6.426208705225452,
    6.411852374957598,
    6.186340364317428,
    8.71677498440388,
    8.238400107930884,
    11.515422804817367,
    8.805680160396745,
    9.573094546398835,
    14.599882151824243,
    11.309491156053772,
    11.901601251114224,
    12.607241832350226,
    10.649460518312901,
    13.945705016091901,
    11.411752330282663,
    10.646450752228809,
    9.942987151960441,
    15.7486731345231,
    11.108073953494003,
    9.985832427600759,
    15.061874106197767,
    13.153041001863196,
    12.521166193154974,
    10.631366683115553,
    13.771467459970268,
    13.551371135106885,
    11.332978896843123,
    18.114911085063213
  ]
}