{
  "train_loss": [
    1.6141866087460246,
    1.5625360732749387,
    1.5337274650203865,
    1.5241675005212936,
    1.5019294934580987,
    1.4690827611734658,
    1.4558981548244057,
    1.448105476654981,
    1.4230402028152698,
    1.399905552428938,
    1.3747657120454448,
    1.3650474147198317,
    1.3446570711897354,
    1.3322679520559855,
    1.3165253520918436,
    1.3080958250357624,
    1.2943873579964438,
    1.2866186048594719,
    1.282294524713161,
    1.2737457981127749,
    1.269783828195057,
    1.2765405123677998,
    1.278256104699559,
    1.2795489108607796,
    1.2833906645557274,
    1.2809212769845593,
    1.2808339557266961,
    1.2857072799831288,
    1.2913523812711012,
    1.2824482607297572,
    1.2759328940068815,
    1.2842672820780214,
    1.265326502885202,
    1.275201128916142,
    1.2630808788560643,
    1.245440940893195,
    1.2387699133543006,
    1.2240366582181517,
    1.1950500587093513,
    1.1917787058271836,
    1.1683078852443187,
    1.1375823961464624,
    1.1130080415722081,
    1.0763350895149173,
    1.0444540648859264,
    1.0053942629592953,
    0.9785014710498854,
    0.9408916943200187,
    0.9212683368998336,
    0.8871807233915583
  ],
  "val_loss": [
    1.5266713445836848,
    1.5299966660412876,
    1.5191212711912212,
    1.5119211601488518,
    1.4920012652873993,
    1.4612398572040326,
    1.4454716534325571,
    1.4296483578103962,
    1.417850268609596,
    1.3965425220402805,
    1.43066503423633,
    1.4155799773606388,
    1.4087694178928027,
    1.4113220166076312,
    1.4037531009226134,
    1.3965107356057023,
    1.3954640942992587,
    1.3953498168425127,
    1.3968453786589883,
    1.3973050090399655,
    1.3973050090399655,
    1.3988662208571578,
    1.3996400273207463,
    1.3976571243820768,
    1.3983201375513366,
    1.430976863160278,
    1.4010977564436016,
    1.4327248777403976,
    1.4597283366954688,
    1.440621798688715,
    1.4332437524289796,
    1.4446196673494396,
    1.4613657277641874,
    1.429096775524544,
    1.4288639823595684,
    1.4414811911004963,
    1.4676416164094752,
    1.4744577985821348,
    1.474097546302911,
    1.4944412915995626,
    1.4530651460994373,
    1.4764028426372644,
    1.528389851252238,
    1.5642405486468114,
    1.5955129220630184,
    1.6124222441153093,
    1.6483723439953544,
    1.6657992420774517,
    1.6340171414794344,
    1.673282478794907
  ],
  "val_f1_macro": [
    0.06786579491936634,
    0.09588387441272865,
    0.10892006498272844,
    0.07373966340370028,
    0.11336464761190584,
    0.16865944440949732,
    0.1255160884540222,
    0.18455141113954304,
    0.19225691944146692,
    0.20833632291272972,
    0.17981262996197683,
    0.22713056248940086,
    0.20494405875173416,
    0.2166772330544539,
    0.21970046871561724,
    0.22023753448992112,
    0.22645828767788,
    0.226724820071737,
    0.2315850730767426,
    0.226751011223445,
    0.226751011223445,
    0.2282655771799919,
    0.22187640327502955,
    0.23109561594316863,
    0.2293992409866833,
    0.22104678367136174,
    0.23217700123209162,
    0.23891933333573184,
    0.22462446473281034,
    0.21079449724642527,
    0.2151271297309235,
    0.24754827674261495,
    0.20934308293669435,
    0.23858819866398034,
    0.2399111478141553,
    0.24511723986264802,
    0.22020117807746292,
    0.2270642972744433,
    0.2508283716299836,
    0.24175789610776266,
    0.22897714928611435,
    0.24688471981742863,
    0.25548026770931187,
    0.24273377331485205,
    0.2329920073364276,
    0.2512408719586855,
    0.24311284963357493,
    0.22891501760195848,
    0.24678292983402395,
    0.2346512191769496
  ],
  "lr": [
    0.00011999999999999998,
    0.00020999999999999995,
    0.0003,
    0.00029744596495258525,
    0.0002898708344106533,
    0.0002775325703594421,
    0.00026085133758309883,
    0.00024039519545688846,
    0.00021686075336648075,
    0.00019104944851081244,
    0.0001638402539194953,
    0.0001361597460805047,
    0.00010895055148918757,
    8.313924663351933e-05,
    5.960480454311155e-05,
    3.91486624169011e-05,
    2.24674296405579e-05,
    1.0129165589346643e-05,
    2.554035047414732e-06,
    0.0,
    2.554035047414732e-06,
    1.0129165589346611e-05,
    2.2467429640557886e-05,
    3.914866241690114e-05,
    5.9604804543111434e-05,
    8.313924663351918e-05,
    0.00010895055148918756,
    0.00013615974608050473,
    0.00016384025391949538,
    0.00019104944851081244,
    0.00021686075336648067,
    0.0002403951954568884,
    0.0002608513375830988,
    0.00027753257035944206,
    0.0002898708344106533,
    0.0002974459649525853,
    0.00030000000000000003,
    0.0002974459649525853,
    0.00028987083441065343,
    0.00027753257035944217,
    0.00026085133758309894,
    0.00024039519545688849,
    0.00021686075336648075,
    0.00019104944851081263,
    0.0001638402539194953,
    0.00013615974608050479,
    0.00010895055148918787,
    8.313924663351937e-05,
    5.960480454311169e-05,
    3.914866241690114e-05
  ],
  "grad_norm_min": [
    0.0,
    2.127904093217813,
    1.2489113459012375,
    0.9265936918973073,
    0.8290422948098934,
    0.7660759973709365,
    0.8614003544460859,
    0.8460481695518884,
    0.0,
    1.259740033476318,
    0.0,
    1.5787837674919252,
    1.7213503025953754,
    2.0090528573612185,
    2.1005458260050354,
    2.1758506813937397,
    2.126138620655316,
    2.203786276997602,
    0.0,
    2.2529669889701847,
    2.2120539920732356,
    2.40333450065685,
    2.114601130194655,
    2.1100806320001038,
    2.193961342374037,
    2.325923952446909,
    0.0,
    2.4692570358041186,
    2.101400187817412,
    0.0,
    2.6653874236223354,
    2.474629886645207,
    2.515595119167324,
    2.0544537976780206,
    0.0,
    2.4437322509372708,
    2.6650081136713886,
    2.5825217974100956,
    2.788794538394583,
    2.719373112766705,
    3.081615392808873,
    2.8744928164269905,
    0.0,
    3.7478091238314737,
    3.936803043746801,
    4.1898529331728405,
    0.0,
    3.93940849600114,
    4.008737506925788,
    4.000474429667475
  ],
  "grad_norm_mean": [
    7.261053988522867,
    4.272390088460844,
    2.508992153445457,
    1.9144756411921915,
    1.9952217198773898,
    1.9434672093011598,
    1.9316812332834237,
    2.059107105223064,
    2.3759674422764676,
    2.582457758413641,
    2.834632282028763,
    2.9907093311590023,
    3.3345467993061164,
    3.567527218803086,
    3.8263192959235077,
    3.993271580865204,
    4.0297258662202164,
    4.082399096165804,
    4.149634061789624,
    4.223345681629784,
    4.268761455928605,
    4.169725303855631,
    4.187353471853543,
    4.333498305981188,
    4.335757615500776,
    4.371477443642057,
    4.397378786586596,
    4.609268683399516,
    4.636598321076037,
    4.988231929601086,
    4.956692792801431,
    4.9396524332059375,
    4.946168702730946,
    4.906661586527298,
    5.062656125539157,
    5.226529093556124,
    5.312605567164392,
    5.56128639071252,
    5.799581451749842,
    5.997757287173559,
    6.1235228841749185,
    6.492720504311464,
    6.6307322648158005,
    6.91194684495278,
    7.3136484772596475,
    7.531212849960735,
    7.763587289213432,
    7.913392241900275,
    8.065165679521586,
    8.162805209560203
  ],