class,precision,recall,f1,support
Class 0,0.235294,0.193103,0.212121,145
Class 1,0.205607,0.120879,0.152249,182
Class 2,0.188119,0.188119,0.188119,101
Class 3,0.147059,0.230769,0.179641,65
Class 4,0.268519,0.305263,0.285714,95
Class 5,0.367442,0.512987,0.428184,154
Class 6,0.320513,0.243902,0.277008,205
Class 7,0.300546,0.381944,0.336391,144
macro avg,0.254137,0.272121,0.257429,1091
weighted avg,0.266889,0.272227,0.263477,1091
