class,precision,recall,f1,support
Class 0,0.248804,0.307692,0.275132,169
Class 1,0.304348,0.033019,0.059574,212
Class 2,0.208791,0.165217,0.184466,115
Class 3,0.203593,0.447368,0.279835,76
Class 4,0.466667,0.304348,0.368421,115
Class 5,0.381974,0.491713,0.429952,181
Class 6,0.320225,0.240506,0.274699,237
Class 7,0.250825,0.436782,0.318658,174
macro avg,0.298153,0.303331,0.273842,1279
weighted avg,0.303670,0.288507,0.267669,1279
