{
  "train_loss": [
    1.6027410003595184,
    1.563640256764596,
    1.5348093588310376,
    1.5105300101899264,
    1.4765626954195792,
    1.453819283686186,
    1.438638689727114,
    1.4183107893927056,
    1.406245489455106,
    1.393358215700116,
    1.3801141603369462,
    1.3650835097463507,
    1.3532074571492378,
    1.3379418956187734,
    1.3268269778552808,
    1.3166017498468099,
    1.305876017620689,
    1.2975042469459668,
    1.290820392600277,
    1.2862362362209119,
    1.2874765605675547,
    1.28659097111016,
    1.2883761512187488,
    1.2911474092383133,
    1.2926504737452458,
    1.298133873270269,
    1.2978597319335268,
    1.297490041506918,
    1.3012740293302034,
    1.3021122633783442,
    1.3020971054779855,
    1.302146707919606,
    1.2990381698441087
  ],
  "val_loss": [
    1.5637925739368697,
    1.5326103434134066,
    1.5173832918988186,
    1.4984549638930331,
    1.462236375956053,
    1.4609007617730774,
    1.4500722940383333,
    1.4582516212811631,
    1.4254794187760085,
    1.4352257522974121,
    1.4199578971340414,
    1.4383806628122757,
    1.42102686851547,
    1.4258693034729262,
    1.415510032786412,
    1.4132913744516586,
    1.4229371069689816,
    1.4231891891594683,
    1.4236907382192237,
    1.4250996101940616,
    1.4250996101940616,
    1.4250646650456311,
    1.424688114962551,
    1.4280201697282577,
    1.4328123016303844,
    1.4325407146570388,
    1.4289228999882602,
    1.432821985794587,
    1.444143282144927,
    1.449515388085601,
    1.4395526028918417,
    1.4529798331387926,
    1.493659776918004
  ],
  "val_f1_macro": [
    0.0834801004259367,
    0.11649035388039272,
    0.11659669979015666,
    0.13959727058049715,
    0.18858569547366907,
    0.16583012962656554,
    0.21885409710109788,
    0.22317110317953923,
    0.23470960361312704,
    0.24176998186360388,
    0.23774783391579643,
    0.2210665563010219,
    0.2436090280254101,
    0.2503278934958817,
    0.252537415772564,
    0.24580547107420142,
    0.2533558725343728,
    0.2523548606332956,
    0.2509699107049159,
    0.2511239994953424,
    0.2511239994953424,
    0.25097759842138834,
    0.25373462201781927,
    0.25163434245595684,
    0.2557292242144905,
    0.25042314229558615,
    0.2410002093709243,
    0.245097694821138,
    0.24846098977551065,
    0.24838830804427847,
    0.25063845548157737,
    0.23934619264091628,
    0.24382449749196888
  ],
  "lr": [
    0.00011999999999999998,
    0.00020999999999999995,
    0.0003,
    0.00029744596495258525,
    0.0002898708344106533,
    0.0002775325703594421,
    0.00026085133758309883,
    0.00024039519545688846,
    0.00021686075336648075,
    0.00019104944851081244,
    0.0001638402539194953,
    0.0001361597460805047,
    0.00010895055148918757,
    8.313924663351933e-05,
    5.960480454311155e-05,
    3.91486624169011e-05,
    2.24674296405579e-05,
    1.0129165589346643e-05,
    2.554035047414732e-06,
    0.0,
    2.554035047414732e-06,
    1.0129165589346611e-05,
    2.2467429640557886e-05,
    3.914866241690114e-05,
    5.9604804543111434e-05,
    8.313924663351918e-05,
    0.00010895055148918756,
    0.00013615974608050473,
    0.00016384025391949538,
    0.00019104944851081244,
    0.00021686075336648067,
    0.0002403951954568884,
    0.0002608513375830988
  ],
  "grad_norm_min": [
    0.0,
    1.290959465341349,
    0.0,
    1.2094660706572613,
    0.0,
    0.0,
    0.0,
    1.3745449082896817,
    0.0,
    0.0,
    1.660357116520303,
    0.0,
    0.0,
    2.144161122454116,
    0.0,
    2.1907049971394517,
    2.1841547479594587,
    0.0,
    0.0,
    2.174659497161978,
    0.0,
    2.493680189411839,
    2.3983651818930607,
    2.470202321306692,
    0.0,
    2.5272673681982947,
    2.541306801968682,
    0.0,
    0.0,
    2.5609175400603412,
    0.0,
    2.546735770976607,
    0.0
  ],
  "grad_norm_mean": [
    4.911149360005385,
    2.688104239575509,
    2.358325473250071,
    2.2752206930859513,
    2.516705493374097,
    2.668941847048012,
    2.7584822182912085,
    2.9265751143505763,
    2.9953088296714006,
    3.0569148279046017,
    3.2360451576232676,
    3.420631488992385,
    3.545303080731067,
    3.7826474846852958,
    3.96186525271037,
    4.048046737824382,
    4.221895262093762,
    4.288036717811626,
    4.406111106448349,
    4.406562523983801,
    4.384110186250709,
    4.487914502226377,
    4.485517364766409,
    4.554045299241102,
    4.567172845303877,
    4.6723627880978436,
    4.687681057348291,
    4.7991535248821435,
    4.797615238102878,
    4.850353989647814,
    4.818576305967076,
    4.87052900698253,
    4.823987811443681
  ],
  "grad_norm_max": [
    12.253136660972038,
    5.707135860718829,
    8.454061278640365,
    6.5192279066979815,
    6.251473963904788,
    7.884501183813455,
    7.222934834809156,
    7.3430003233649765,
    8.456527671371283,
    7.9649004935694405,
    8.563184689024705,
    11.299132920301817,
    7.988721496352797,
    9.33468663989525,
    12.157098949007151,
    10.682156377603958,
    11.704456892887348,
    9.430827403546465,
    14.245279235354683,
    9.834060149370154,
    11.548608170872425,
    14.734502814255663,
    11.741365384293514,
    11.100827052967604,
    12.11117750978385,
    16.398199079162268,
    11.979776324450398,
    14.656358854040205,
    22.57963969427515,
    13.597629175276394,
    15.267109801905853,
    21.434600237672548,
    11.615603493840718
  ]
}