{
  "train_loss": [
    1.5875415133905935,
    1.5029064250953033,
    1.4513609557798057,
    1.4057700306504637,
    1.3653042371019775,
    1.3353027515795641,
    1.2960866453883413,
    1.2793509359761472,
    1.2416386193844862,
    1.2190345835773062,
    1.185465769671695,
    1.1668688733499128,
    1.134912704155122,
    1.09697959340099,
    1.0663347715859886,
    1.0450261259253646,
    1.0177508956128425,
    1.001271325371641,
    0.9957248262870007,
    0.98316834348462,
    0.9782027879477421,
    0.981287277225173
  ],
  "val_loss": [
    1.4819859758667324,
    1.4435359101364578,
    1.4147718436476113,
    1.4143349329630535,
    1.3498635335244995,
    1.3538906436035598,
    1.3254354596138,
    1.3417950972266819,
    1.3955700311107913,
    1.3413081315980442,
    1.3542726160823435,
    1.3734116942986199,
    1.3725624360899995,
    1.386822962242624,
    1.4340964469356814,
    1.4380256740943245,
    1.46341892256253,
    1.4519339497538581,
    1.4555947815162549,
    1.4584599059561025,
    1.4584599059561025,
    1.4627703652865645
  ],
  "val_f1_macro": [
    0.11295329410932775,
    0.1294582247763023,
    0.15126825950450393,
    0.1614343512311266,
    0.22743380352591996,
    0.23792079914091985,
    0.24728386437653493,
    0.24255576145277008,
    0.22820441753077925,
    0.2663169151395581,
    0.2654115680548983,
    0.2547083991834346,
    0.26410667889554373,
    0.26717572559867386,
    0.2622031740508748,
    0.25417342908426505,
    0.2665886454301866,
    0.259317303768274,
    0.25506693959431326,
    0.2569544423610871,
    0.2569544423610871,
    0.2626000835102911
  ],
  "lr": [
    0.00011999999999999998,
    0.00020999999999999995,
    0.0003,
    0.00029744596495258525,
    0.0002898708344106533,
    0.0002775325703594421,
    0.00026085133758309883,
    0.00024039519545688846,
    0.00021686075336648075,
    0.00019104944851081244,
    0.0001638402539194953,
    0.0001361597460805047,
    0.00010895055148918757,
    8.313924663351933e-05,
    5.960480454311155e-05,
    3.91486624169011e-05,
    2.24674296405579e-05,
    1.0129165589346643e-05,
    2.554035047414732e-06,
    0.0,
    2.554035047414732e-06,
    1.0129165589346611e-05
  ],
  "grad_norm_min": [
    0.0,
    2.8051091355487108,
    2.481523922960769,
    1.8067848708917966,
    2.1244746250245896,
    2.1560049409132382,
    2.06711790988274,
    0.0,
    2.39988370305662,
    0.0,
    2.3789998014093934,
    2.41369811858932,
    2.7214871812841155,
    0.0,
    2.9955295443292624,
    3.194378132279747,
    2.7518881120497243,
    3.065273600795694,
    3.744409342370531,
    3.2567172559471795,
    3.4146633280871503,
    0.0
  ],
  "grad_norm_mean": [
    7.526571143352724,
    4.7594762063986655,
    3.917030845918554,
    3.514569968028868,
    3.4229860107160035,
    3.3291118339349213,
    3.3613695443879488,
    3.5090187096229775,
    3.596942170369108,
    3.865077982186899,
    4.168800333520878,
    4.360606200437035,
    4.65021526861595,
    4.856628828998888,
    5.145640546244122,
    5.4828837533357575,
    5.597388705398731,
    5.693592551070301,
    5.848030835560962,
    5.703634761257565,
    5.732095859599077,
    5.751657606748806
  ],
  "grad_norm_max": [
    17.69994755123299,
    10.069446986984483,
    8.024762326487862,
    8.177516289492932,
    7.470377192093559,
    5.565143912494673,
    7.434602973549341,
    7.997117163059285,
    7.4113370364316,
    9.957681162141489,
    7.692316531687347,
    9.163866973379855,
    8.539673618672728,
    9.105870960234231,
    9.524948621902436,
    9.985305203804211,
    9.624796554474292,
    11.944535778429758,
    11.236515111264362,
    10.179253071395108,
    13.327516889358565,
    12.39344164630332
  ]
}