{
  "train_loss": [
    1.5886342599715069,
    1.4953481880299775,
    1.4419241475534963,
    1.3994774431972714,
    1.3620661525499254,
    1.3246216380989158,
    1.295495419711857,
    1.2682286284782074,
    1.2364616787040628,
    1.214856004103636,
    1.1763278213176098,
    1.1521784187236548,
    1.1215326635392158,
    1.0938491633523515,
    1.067914795307886,
    1.0432770597192393,
    1.0242376646279416,
    1.0060943068165482,
    0.9898484242268097,
    0.9806546276305621,
    0.980326302977272,
    0.9817200805241372,
    0.98843047557733,
    0.9896821113296481,
    0.9925291527321923
  ],
  "val_loss": [
    1.486734001532845,
    1.467033621193706,
    1.4259020409722258,
    1.427445057509602,
    1.390254312667294,
    1.3604627873586572,
    1.3853552332822827,
    1.359969785248024,
    1.3809043946473494,
    1.3713736724162446,
    1.415901229865309,
    1.4371726979380068,
    1.4372035368629124,
    1.5112715994102368,
    1.4789804755777554,
    1.5035471639771392,
    1.5146549361339514,
    1.5404030447420867,
    1.5461156454639158,
    1.5471742878789487,
    1.5471742878789487,
    1.546767438667408,
    1.5437723044036091,
    1.5412378699883171,
    1.5425872163496155
  ],
  "val_f1_macro": [
    0.1221416385532767,
    0.09755992233005809,
    0.14861321515828296,
    0.15766659394833377,
    0.2370792551395885,
    0.2547460456366884,
    0.2444864316767243,
    0.23738940966803757,
    0.23957023076791178,
    0.25111211654335636,
    0.2350612295517307,
    0.2571170379995164,
    0.24584342352796562,
    0.2459529240639961,
    0.255404610200085,
    0.2475766218309191,
    0.25742852407858147,
    0.25112571043988063,
    0.2475274583263049,
    0.2502784569561193,
    0.2502784569561193,
    0.25441884017528926,
    0.24888973357233313,
    0.2430594038333805,
    0.24634293178609978
  ],
  "lr": [
    0.00011999999999999998,
    0.00020999999999999995,
    0.0003,
    0.00029744596495258525,
    0.0002898708344106533,
    0.0002775325703594421,
    0.00026085133758309883,
    0.00024039519545688846,
    0.00021686075336648075,
    0.00019104944851081244,
    0.0001638402539194953,
    0.0001361597460805047,
    0.00010895055148918757,
    8.313924663351933e-05,
    5.960480454311155e-05,
    3.91486624169011e-05,
    2.24674296405579e-05,
    1.0129165589346643e-05,
    2.554035047414732e-06,
    0.0,
    2.554035047414732e-06,
    1.0129165589346611e-05,
    2.2467429640557886e-05,
    3.914866241690114e-05,
    5.9604804543111434e-05
  ],
  "grad_norm_min": [
    0.0,
    2.504852711040956,
    2.530416064285278,
    1.8065544529337605,
    1.9370259602949889,
    2.071085205783593,
    1.9696868848933147,
    0.0,
    2.0501407865087415,
    2.122694563786096,
    2.48419572581109,
    0.0,
    0.0,
    2.8018751236823594,
    3.1634106861803475,
    2.9884892411382555,
    2.9734021058088653,
    2.9715994271509154,
    3.451413196134648,
    3.545481714718445,
    0.0,
    3.4737332527049603,
    3.457584127252896,
    3.609601356479069,
    3.6421576818266463
  ],
  "grad_norm_mean": [
    7.444408841623847,
    4.866906079243076,
    3.9968627360080524,
    3.7752133535753845,
    3.2999660825567867,
    3.43273559632407,
    3.4082009920172402,
    3.36419662435397,
    3.5659795613973615,
    3.8418095100233343,
    4.141284229001746,
    4.391686349230578,
    4.795220919272712,
    4.96551099852867,
    5.382157677448318,
    5.461628669848731,
    5.621706171270906,
    5.659845953136313,
    5.843521431744446,
    5.822362367000822,
    5.7884215186867385,
    5.890816589777715,
    5.8663346474002545,
    5.988843133285508,
    6.022676486753819
  ],
  "grad_norm_max": [
    16.631118972560877,
    10.63909097901805,
    6.758738811464092,
    8.15176349640191,
    7.32618652384848,
    5.801345388941825,
    6.450015798711275,
    6.22625143459805,
    7.124611133574868,
    9.909447586117968,
    8.135370281708695,
    8.422208803377531,
    9.883621806189359,
    11.452377417806115,
    13.642643352316615,
    12.47848863360085,
    11.834201752239727,
    11.7697624684201,
    14.341290588186732,
    11.52550537093132,
    11.34118667910218,
    16.13784260294591,
    13.276528222654894,
    12.79831253287652,
    11.856671412305602
  ]
}