{
  "train_loss": [
    1.6018231048918607,
    1.564661694995144,
    1.5342655027121828,
    1.502774878677569,
    1.4713632438057347,
    1.4477262307886491,
    1.4307551214151215,
    1.4128497612685489,
    1.3986995281671224,
    1.3861486545780248,
    1.3722901891825492,
    1.3602166410914638,
    1.3430536086935747,
    1.3312929414447985,
    1.3186920273513125,
    1.3073091072785228,
    1.297543081881707,
    1.2889936502356278,
    1.2820187668214764,
    1.2782342502108792,
    1.2776429784088803,
    1.278555914728265,
    1.2794380913700973,
    1.2846950144098517,
    1.2854735714092589
  ],
  "val_loss": [
    1.5632943793171261,
    1.5312406926595865,
    1.5116392591086423,
    1.4810285504792584,
    1.4625901015532785,
    1.4536148394857134,
    1.4637732095077258,
    1.4479176241810583,
    1.4300526964898204,
    1.4306088024828614,
    1.4333580894296576,
    1.4325772473792069,
    1.434647815067227,
    1.421316012948835,
    1.4305813324217702,
    1.4370792992308694,
    1.434848794750139,
    1.4409024864017796,
    1.436962754285636,
    1.4362212603165656,
    1.4362212603165656,
    1.439272611415019,
    1.4367236287987866,
    1.4390610029049615,
    1.4459266108291156
  ],
  "val_f1_macro": [
    0.04728599458678626,
    0.09541298444053901,
    0.13797540266207178,
    0.17766428274307008,
    0.1859202867862831,
    0.21548796348812704,
    0.1984869807919437,
    0.23142800495612761,
    0.23686605130966593,
    0.22185351238816892,
    0.2234072107486969,
    0.23408280929597486,
    0.24402534896191963,
    0.2413956873148997,
    0.2370273951020398,
    0.23732022884702458,
    0.25015106546212884,
    0.2462438655071907,
    0.2465210840358028,
    0.24421823550525426,
    0.24421823550525426,
    0.24399279953586817,
    0.24242069266427113,
    0.24866825293747602,
    0.24237292178929914
  ],
  "lr": [
    0.00011999999999999998,
    0.00020999999999999995,
    0.0003,
    0.00029744596495258525,
    0.0002898708344106533,
    0.0002775325703594421,
    0.00026085133758309883,
    0.00024039519545688846,
    0.00021686075336648075,
    0.00019104944851081244,
    0.0001638402539194953,
    0.0001361597460805047,
    0.00010895055148918757,
    8.313924663351933e-05,
    5.960480454311155e-05,
    3.91486624169011e-05,
    2.24674296405579e-05,
    1.0129165589346643e-05,
    2.554035047414732e-06,
    0.0,
    2.554035047414732e-06,
    1.0129165589346611e-05,
    2.2467429640557886e-05,
    3.914866241690114e-05,
    5.9604804543111434e-05
  ],
  "grad_norm_min": [
    0.0,
    1.438184853003149,
    0.0,
    0.0,
    1.2514118491420858,
    0.0,
    1.4211210725672012,
    0.0,
    0.0,
    1.6541943654913924,
    0.0,
    1.9100351462785727,
    2.0044813220628233,
    0.0,
    2.1467903363070087,
    0.0,
    1.99748950012266,
    0.0,
    0.0,
    2.3749674829168486,
    0.0,
    0.0,
    2.502083759470411,
    2.4226804159888635,
    0.0
  ],
  "grad_norm_mean": [
    4.973355482567994,
    2.6868557786821365,
    2.396790841085137,
    2.4288521891414665,
    2.587124193297473,
    2.74719168464693,
    2.8202717976878513,
    3.0028488877587627,
    3.113213998570667,
    3.1923513031371376,
    3.34285028371882,
    3.539930796330342,
    3.666463966832758,
    3.8691519560365415,
    4.06890324947597,
    4.124058466676853,
    4.295930829887043,
    4.416562534151039,
    4.460276559989246,
    4.497134183942006,
    4.471798517732115,
    4.531223496445143,
    4.529812691140816,
    4.621500439000419,
    4.680297724831924
  ],
  "grad_norm_max": [
    11.438137651938467,
    8.4932285450294,
    11.539228706838811,
    6.342374251577545,
    8.624262990271466,
    7.3988362446495985,
    12.067431436661163,
    14.02811402453809,
    13.010624933476592,
    8.264462402376598,
    7.88590934787026,
    9.897249452922065,
    9.894374210821512,
    8.907979577140052,
    17.041644407787786,
    9.617155918996577,
    11.627741868917086,
    9.796361124620734,
    10.001428143367844,
    12.887744588293295,
    16.75057070181246,
    12.281608293784648,
    21.938800755290185,
    19.32863158711385,
    12.072283028012766
  ]
}