class,precision,recall,f1,support
Class 0,0.248447,0.291971,0.268456,137
Class 1,0.245283,0.079268,0.119816,164
Class 2,0.222222,0.187500,0.203390,96
Class 3,0.139535,0.253521,0.180000,71
Class 4,0.317757,0.317757,0.317757,107
Class 5,0.337580,0.441667,0.382671,120
Class 6,0.296970,0.246231,0.269231,199
Class 7,0.271357,0.341772,0.302521,158
macro avg,0.259894,0.269961,0.255480,1052
weighted avg,0.268046,0.265209,0.256682,1052
