class,precision,recall,f1,support
Class 0,0.203110,0.279039,0.235096,749
Class 1,0.235457,0.090618,0.130870,938
Class 2,0.243243,0.087891,0.129125,512
Class 3,0.173010,0.144092,0.157233,347
Class 4,0.337264,0.275000,0.302966,520
Class 5,0.347360,0.535623,0.421421,786
Class 6,0.319095,0.357076,0.337019,1067
Class 7,0.255234,0.329049,0.287479,778
macro avg,0.264222,0.262299,0.250151,5697
weighted avg,0.271198,0.279094,0.261814,5697
