{
  "train_loss": [
    1.603041652378283,
    1.5627261538254587,
    1.5330178340276082,
    1.5026591858947487,
    1.4744994820209971,
    1.4479700703369944,
    1.4346366220608093,
    1.4190286014372842,
    1.4045596343174316,
    1.3917184302263093,
    1.3759913274279811,
    1.362802502732528,
    1.3517761388577914,
    1.3384400136010688,
    1.3239765843173914,
    1.3147818331969412,
    1.3033698667977986,
    1.2957536008483486,
    1.2923378297320582,
    1.2888181032214248,
    1.286683443261866,
    1.2855650614855583,
    1.2892759187179699,
    1.2881815438939814,
    1.2953972028012861,
    1.2953976151399444,
    1.2966535117333395,
    1.2995031112118771,
    1.2985329860553407,
    1.2969869213773493,
    1.3004077671285261,
    1.2990548107080293,
    1.2965913396550899
  ],
  "val_loss": [
    1.559911841087127,
    1.528719170207388,
    1.5177042119288713,
    1.4964834393075344,
    1.4983356335524762,
    1.4642790664782686,
    1.4381633611877314,
    1.4316370629527595,
    1.4370744683769312,
    1.4400339560227449,
    1.4368885336966997,
    1.4237933582469318,
    1.4226328435908542,
    1.4269015254934183,
    1.4247076636954639,
    1.4239961190170116,
    1.428504864988702,
    1.4222517894225175,
    1.425634273149994,
    1.4258067209399148,
    1.4258067209399148,
    1.4254916633447905,
    1.4277284940641917,
    1.4329646912853369,
    1.4294104154190321,
    1.4303017308872736,
    1.4383262585053282,
    1.4245159932401743,
    1.4289399668406904,
    1.4415190007244603,
    1.438613760337401,
    1.4455439170424857,
    1.435240551159623
  ],
  "val_f1_macro": [
    0.0690128099695586,
    0.1102630460848322,
    0.10318320939772044,
    0.15433929509111904,
    0.1583115149155606,
    0.20641366596600194,
    0.1968919916544948,
    0.20818110203075155,
    0.21825903977433567,
    0.2265020963039706,
    0.22431522103087437,
    0.2502176954430187,
    0.23433787690401495,
    0.23440534781893715,
    0.24889275241304692,
    0.24635190208464205,
    0.2494783505172225,
    0.25064887876080855,
    0.2502566667425181,
    0.2528854679640147,
    0.2528854679640147,
    0.25263145037359114,
    0.2514762438106084,
    0.25363557396889025,
    0.25535592393240664,
    0.24827470542251223,
    0.24158125154683754,
    0.2551918168640651,
    0.24369423472705976,
    0.25222572925145015,
    0.24976956530634517,
    0.2452717059474151,
    0.2354693882024358
  ],
  "lr": [
    0.00011999999999999998,
    0.00020999999999999995,
    0.0003,
    0.00029744596495258525,
    0.0002898708344106533,
    0.0002775325703594421,
    0.00026085133758309883,
    0.00024039519545688846,
    0.00021686075336648075,
    0.00019104944851081244,
    0.0001638402539194953,
    0.0001361597460805047,
    0.00010895055148918757,
    8.313924663351933e-05,
    5.960480454311155e-05,
    3.91486624169011e-05,
    2.24674296405579e-05,
    1.0129165589346643e-05,
    2.554035047414732e-06,
    0.0,
    2.554035047414732e-06,
    1.0129165589346611e-05,
    2.2467429640557886e-05,
    3.914866241690114e-05,
    5.9604804543111434e-05,
    8.313924663351918e-05,
    0.00010895055148918756,
    0.00013615974608050473,
    0.00016384025391949538,
    0.00019104944851081244,
    0.00021686075336648067,
    0.0002403951954568884,
    0.0002608513375830988
  ],
  "grad_norm_min": [
    0.0,
    0.0,
    1.1890522574003237,
    0.0,
    1.2897327526016036,
    1.3608528039454926,
    0.0,
    0.0,
    1.4214038115326415,
    0.0,
    1.6536195335796788,
    0.0,
    0.0,
    1.815715316989937,
    0.0,
    2.2077483482948734,
    0.0,
    2.187398176393216,
    2.428092809841047,
    0.0,
    0.0,
    2.3372317187378497,
    2.325972485446838,
    0.0,
    2.4113236984464685,
    0.0,
    2.315304438725155,
    0.0,
    0.0,
    2.4206584869371124,
    0.0,
    2.527214128949046,
    2.5554640567515956
  ],
  "grad_norm_mean": [
    4.951201428368064,
    2.8419847271033247,
    2.4250162428400137,
    2.3905562751300224,
    2.566129152295215,
    2.71234771516444,
    2.8001415862813435,
    2.91047713647596,
    3.020871577792965,
    3.09178654371194,
    3.2643931168356244,
    3.405234804223223,
    3.5155530747566313,
    3.6292059544968405,
    3.844012505281882,
    4.031962194882831,
    4.130167246524614,
    4.31254175316317,
    4.322455241717154,
    4.314611076726208,
    4.331791637958447,
    4.362428339645845,
    4.344831407833883,
    4.493070446159505,
    4.513212897960572,
    4.57115309251383,
    4.615524546046395,
    4.794865924093432,
    4.710239862669636,
    4.7612354231147735,
    4.760845780530875,
    4.868494003720584,
    4.834614261735807
  ],
  "grad_norm_max": [
    13.700949816435232,
    5.925906326419395,
    5.945526259456994,
    5.955068781706038,
    7.860523403654601,
    7.221529181480485,
    8.299020951906046,
    9.46009711313699,
    7.768057450650715,
    8.158382109215609,
    7.832613979985283,
    7.920019219830395,
    9.730475396890103,
    10.601891897140312,
    9.477387502654196,
    10.674420229109444,
    12.988413993372028,
    8.9991426751905,
    11.002740480380481,
    10.207791622255305,
    8.401625709138363,
    13.721751850467907,
    10.711281937534748,
    10.846307325771745,
    10.329224040210942,
    20.769870171280186,
    11.104330712354265,
    18.28827779544513,
    11.246107251109601,
    11.910462319790701,
    18.473801303443853,
    14.426764231402403,
    15.211299376682252
  ]
}