class,precision,recall,f1,support
Class 0,0.233990,0.254351,0.243746,747
Class 1,0.210744,0.054313,0.086367,939
Class 2,0.287582,0.085603,0.131934,514
Class 3,0.212121,0.201729,0.206795,347
Class 4,0.401685,0.274472,0.326112,521
Class 5,0.332298,0.544529,0.412729,786
Class 6,0.291536,0.348968,0.317677,1066
Class 7,0.251410,0.401028,0.309064,778
macro avg,0.277671,0.270624,0.254303,5698
weighted avg,0.275700,0.282555,0.259065,5698
