{
  "train_loss": [
    1.5738890063017608,
    1.5092758391052485,
    1.4662820085883141,
    1.4289541635662317,
    1.3903858706355094,
    1.3693104410544037,
    1.3476234724745155,
    1.32998504396528,
    1.3141606258228422,
    1.2998948449268937,
    1.2854067791253327,
    1.2717419873923064,
    1.2495653167366982,
    1.2323860874399544,
    1.2115474121645093,
    1.2016931027173996,
    1.1903426365926861,
    1.1793963752686978
  ],
  "val_loss": [
    1.4739879325032235,
    1.4661364361643792,
    1.3897421970963477,
    1.407245997339487,
    1.3953179575502872,
    1.3572996817529202,
    1.3225909635424613,
    1.3508425928652286,
    1.3182090826332569,
    1.3171760432422162,
    1.3102768704295158,
    1.329238384217024,
    1.32465857565403,
    1.332767663896084,
    1.3346845388412476,
    1.3550877414643765,
    1.3421633303165437,
    1.355163063108921
  ],
  "val_f1_macro": [
    0.1298862140684922,
    0.11894635528809801,
    0.17503098798083364,
    0.19712448903639265,
    0.19856769222175763,
    0.24222254666862394,
    0.2656526568571269,
    0.24537092714410497,
    0.2711267436090077,
    0.28694408296692997,
    0.25424760857060746,
    0.28307481965481224,
    0.2617207329181076,
    0.2683689341275849,
    0.2764014983366684,
    0.25943207197342644,
    0.279110968636855,
    0.2681981803143579
  ],
  "lr": [
    0.00011999999999999998,
    0.00020999999999999995,
    0.0003,
    0.00029744596495258525,
    0.0002898708344106533,
    0.0002775325703594421,
    0.00026085133758309883,
    0.00024039519545688846,
    0.00021686075336648075,
    0.00019104944851081244,
    0.0001638402539194953,
    0.0001361597460805047,
    0.00010895055148918757,
    8.313924663351933e-05,
    5.960480454311155e-05,
    3.91486624169011e-05,
    2.24674296405579e-05,
    1.0129165589346643e-05
  ],
  "grad_norm_min": [
    0.0,
    2.6044989595341934,
    1.7767770068438995,
    1.6366252737085274,
    1.50620124714091,
    1.4709428527425816,
    1.5741337433463143,
    0.0,
    0.0,
    1.7263568716913622,
    1.9396998839588115,
    1.9501726175160925,
    2.035047029453449,
    2.040120452601836,
    0.0,
    2.2799446211165963,
    2.5172179379057003,
    2.6402041367669935
  ],
  "grad_norm_mean": [
    7.212634519411002,
    4.361710164638941,
    3.2032425396007453,
    3.002186357545664,
    2.745280433550609,
    2.6718687362237916,
    2.7340199230861635,
    2.847025393429255,
    2.891034923812339,
    3.055131100229036,
    3.0776271013989813,
    3.31524001074101,
    3.43114021650605,
    3.688536592619233,
    3.9163450728753952,
    4.2134882372629985,
    4.295566602915751,
    4.450727151221633
  ],
  "grad_norm_max": [
    15.278485336829696,
    10.07877691409177,
    7.6388590578512225,
    7.026613582359683,
    5.622994413190078,
    5.2409636273929205,
    5.757069313050666,
    5.142358806677023,
    6.112486236905383,
    6.667645673984603,
    7.264014288524318,
    7.075101019992812,
    7.769820224142302,
    9.361844932754416,
    10.801256852646404,
    9.872798582030281,
    9.439570709006746,
    9.485754837197423
  ]
}