{
  "train_loss": [
    1.5734868342884052,
    1.5028408902902572,
    1.462166954153262,
    1.4402417683372863,
    1.3970083988512667,
    1.3763204274086145,
    1.3462656783981446,
    1.3362046013624904,
    1.3140390890474898,
    1.2921757014414754,
    1.2820600739683206,
    1.2606296750684134,
    1.2397141641321274,
    1.2203804071718893,
    1.2082792545278993,
    1.192344536415685,
    1.1767843945529133,
    1.1651851970928546,
    1.158453436514821
  ],
  "val_loss": [
    1.4801480907660265,
    1.4726714682884705,
    1.4338079828482408,
    1.407555409731009,
    1.3867150995975885,
    1.3922155766915052,
    1.362225422492394,
    1.3759299585452447,
    1.3639349945080586,
    1.345889611886098,
    1.3507808202352278,
    1.363941321006188,
    1.3775277603895237,
    1.3475335706502964,
    1.3689472858722394,
    1.3556446112119234,
    1.3758218066814618,
    1.3693091846429384,
    1.3730165522832136
  ],
  "val_f1_macro": [
    0.14073915303702572,
    0.1294257063721333,
    0.16850877882456666,
    0.20935340670076766,
    0.20543381758195844,
    0.20270368538581873,
    0.24984535818712733,
    0.25321303093815273,
    0.22933700677587474,
    0.26783340748621504,
    0.2686508494923473,
    0.24727395115615672,
    0.25066693066212226,
    0.25500293947693814,
    0.26762614730938084,
    0.26284736793607527,
    0.24985448479314354,
    0.2518010398437641,
    0.2529231046276457
  ],
  "lr": [
    0.00011999999999999998,
    0.00020999999999999995,
    0.0003,
    0.00029744596495258525,
    0.0002898708344106533,
    0.0002775325703594421,
    0.00026085133758309883,
    0.00024039519545688846,
    0.00021686075336648075,
    0.00019104944851081244,
    0.0001638402539194953,
    0.0001361597460805047,
    0.00010895055148918757,
    8.313924663351933e-05,
    5.960480454311155e-05,
    3.91486624169011e-05,
    2.24674296405579e-05,
    1.0129165589346643e-05,
    2.554035047414732e-06
  ],
  "grad_norm_min": [
    0.0,
    2.7026741359141013,
    2.1015832543172452,
    0.0,
    1.360705164561918,
    0.0,
    1.45826840141101,
    1.6948959424166,
    1.5238131343673664,
    1.647883196264418,
    1.9884821110000876,
    1.8301327913617074,
    2.0071027737647436,
    2.119833088675347,
    2.4031606694037064,
    0.0,
    2.6532761075693894,
    2.600003091895618,
    2.6245714206843185
  ],
  "grad_norm_mean": [
    7.117491191432163,
    4.653338707171678,
    3.6013933065565964,
    3.064259382009728,
    2.710332260441611,
    2.8119489204485757,
    2.8442125451974505,
    3.009769609236141,
    3.1177572264782314,
    3.124005778903871,
    3.4003253751793525,
    3.4934529256195095,
    3.6499020769406694,
    4.022577314707654,
    4.1451076129991185,
    4.37112655476502,
    4.481333305367827,
    4.713477070268931,
    4.69473246245207
  ],
  "grad_norm_max": [
    19.301900976974025,
    26.497936302314248,
    12.733576173815209,
    7.513962713150407,
    5.476799229348659,
    10.059557279981417,
    5.914909456639205,
    18.097329128423997,
    7.547502927154083,
    9.49044462337967,
    28.52945375835499,
    21.408654582383374,
    12.70620060961179,
    13.839537401380278,
    10.697501700440057,
    10.232119745768053,
    10.04170849662368,
    21.616866512274232,
    11.536488132452646
  ]
}