class,precision,recall,f1,support
Class 0,0.240385,0.182482,0.207469,137
Class 1,0.129032,0.024390,0.041026,164
Class 2,0.195402,0.178947,0.186813,95
Class 3,0.166667,0.352113,0.226244,71
Class 4,0.440000,0.308411,0.362637,107
Class 5,0.333333,0.441667,0.379928,120
Class 6,0.303191,0.286432,0.294574,199
Class 7,0.272374,0.443038,0.337349,158
macro avg,0.260048,0.277185,0.254505,1051
weighted avg,0.261599,0.270219,0.252404,1051
