{
  "train_loss": [
    1.5718537685008365,
    1.5107645269497822,
    1.4774502283868158,
    1.466806960940825,
    1.4449044053192732,
    1.4180729338167242,
    1.3994124798459302,
    1.3726349071769863,
    1.3376477070819544,
    1.3259571377869246,
    1.3060886572307187,
    1.2770980596542358,
    1.2578062057958967,
    1.240118878360852,
    1.2283763175808502,
    1.2175970972743944,
    1.1973983390321992,
    1.186187630497528,
    1.181976207731299,
    1.1827010598164125,
    1.1737208605276472,
    1.1794151343724144,
    1.1823044382180685,
    1.1849868151464351,
    1.1838535865920992,
    1.1879641722148495,
    1.1887428493815173
  ],
  "val_loss": [
    1.4798944931763869,
    1.4627817364839406,
    1.4228383266008817,
    1.422706168431502,
    1.3933065561147837,
    1.4135752155230596,
    1.379273388018975,
    1.3897326909578764,
    1.3536300347401546,
    1.3614489060181838,
    1.3287716049414415,
    1.329051454250629,
    1.3255582075852614,
    1.3408814301857581,
    1.3193091961053702,
    1.3274476766586303,
    1.3388992300400366,
    1.343374737409445,
    1.3508428142620967,
    1.3460547493054316,
    1.3460547493054316,
    1.3460534856869624,
    1.343819678746737,
    1.344327049071972,
    1.356232042496021,
    1.3581640555308416,
    1.3691066696093632
  ],
  "val_f1_macro": [
    0.07840338089179975,
    0.11533356708642606,
    0.12058406668438951,
    0.1200399388899959,
    0.14150445274803966,
    0.1543885621971158,
    0.18467191573198577,
    0.18434792543113174,
    0.2122731097551091,
    0.24489839442110908,
    0.22967924122003675,
    0.2526792975717721,
    0.2602801083077107,
    0.261261400891483,
    0.2559838238620528,
    0.2678531876651014,
    0.27676776601950537,
    0.2790351473103163,
    0.2857863453049081,
    0.2832887428752436,
    0.2832887428752436,
    0.27939252727074526,
    0.27684303737762306,
    0.2737890224169687,
    0.2735433189257102,
    0.2544988252093331,
    0.2581669251096983
  ],
  "lr": [
    0.00011999999999999998,
    0.00020999999999999995,
    0.0003,
    0.00029744596495258525,
    0.0002898708344106533,
    0.0002775325703594421,
    0.00026085133758309883,
    0.00024039519545688846,
    0.00021686075336648075,
    0.00019104944851081244,
    0.0001638402539194953,
    0.0001361597460805047,
    0.00010895055148918757,
    8.313924663351933e-05,
    5.960480454311155e-05,
    3.91486624169011e-05,
    2.24674296405579e-05,
    1.0129165589346643e-05,
    2.554035047414732e-06,
    0.0,
    2.554035047414732e-06,
    1.0129165589346611e-05,
    2.2467429640557886e-05,
    3.914866241690114e-05,
    5.9604804543111434e-05,
    8.313924663351918e-05,
    0.00010895055148918756
  ],
  "grad_norm_min": [
    0.0,
    2.5354445144314632,
    1.4256582205820072,
    1.3205604333117753,
    1.2492442223766176,
    0.0,
    1.5156350196106334,
    1.6786968394234467,
    1.7958259920557642,
    1.6246689701209922,
    2.1424421046345636,
    0.0,
    0.0,
    2.3200142689826824,
    2.4662789113445265,
    2.4692812809433726,
    2.7363477322512626,
    2.5917665251405944,
    2.8492231922792195,
    2.8622806047771623,
    3.274491924597947,
    2.869060080936553,
    3.054234422454548,
    3.0582779622527947,
    2.742047508037727,
    2.8668135409835225,
    3.0579903842441185
  ],
  "grad_norm_mean": [
    7.2484303505445515,
    4.488099676653046,
    3.181648369432647,
    2.754191445858956,
    2.45773404067402,
    2.573008422956845,
    2.732346490473901,
    3.0194691878668634,
    3.349229759547246,
    3.4741101070211835,
    3.868338599723726,
    4.070410965194388,
    4.446747649317532,
    4.749787494664639,
    4.826871396687001,
    4.957850493933417,
    5.320776587430099,
    5.435262776223704,
    5.48024878071208,
    5.588337217549405,
    5.78350116512177,
    5.581257170664452,
    5.734533185827547,
    5.690376563906597,
    5.862127999539413,
    5.962919206182248,
    6.205019348738962
  ],
  "grad_norm_max": [
    13.340124132168643,
    9.62229294164016,
    7.020599615297762,
    7.416988737486279,
    7.15142037922133,
    5.572228794284053,
    5.515374201607403,
    7.086494513890177,
    9.16068651996497,
    8.748438237087901,
    9.691673691262455,
    11.931376067892561,
    11.40376740390244,
    14.309363699212803,
    11.721807080933536,
    12.890647433650448,
    14.20182370034797,
    12.709237498041846,
    18.535593699271388,
    14.899969914095136,
    17.462167780316555,
    15.733009371627022,
    17.242193349014588,
    12.293393536055827,
    13.764736588051232,
    20.19093177426177,
    17.426448763967525
  ]
}