{
  "train_loss": [
    1.5801421333425723,
    1.5053399997397352,
    1.4739681878409827,
    1.4370586877813736,
    1.4128997638202703,
    1.3798961315673,
    1.3581697144828284,
    1.325151002540375,
    1.3161998907217203,
    1.292863468963879,
    1.27556227209469,
    1.2575890699895427,
    1.241919155318897,
    1.2186783447433203,
    1.2073031433474142,
    1.1834002466628346,
    1.1749044357778164,
    1.1580954984354135,
    1.1589058380538282,
    1.150699107791669,
    1.1451342474347868,
    1.1527123434094195,
    1.1516081876457689
  ],
  "val_loss": [
    1.4997695378768139,
    1.4515960568036788,
    1.4273933057601635,
    1.4336219628651936,
    1.3850928338674398,
    1.3716462285090716,
    1.3746343461366801,
    1.386158788815523,
    1.358680398036272,
    1.3663333455721538,
    1.3349864100798583,
    1.353263327708611,
    1.376083248700851,
    1.3550410194274707,
    1.3451617566438823,
    1.370958997653081,
    1.367699152384049,
    1.3595110949797509,
    1.3735968951995556,
    1.3746107044892433,
    1.3746107044892433,
    1.3761047889024784,
    1.3760727376509936
  ],
  "val_f1_macro": [
    0.08984186075495805,
    0.11659054104450803,
    0.1413924041344168,
    0.12329398349503562,
    0.18646137537611807,
    0.2235083575344906,
    0.22432190789610978,
    0.21428151575863752,
    0.24048050295463214,
    0.2518969562019221,
    0.24756920346099687,
    0.25232417776960825,
    0.23268906867189063,
    0.24377182631741995,
    0.27393373201028204,
    0.23956340617646738,
    0.2637487511898119,
    0.26197851839482295,
    0.25991068258098615,
    0.25961817653387326,
    0.25961817653387326,
    0.26201061071103715,
    0.26095014424468244
  ],
  "lr": [
    0.00011999999999999998,
    0.00020999999999999995,
    0.0003,
    0.00029744596495258525,
    0.0002898708344106533,
    0.0002775325703594421,
    0.00026085133758309883,
    0.00024039519545688846,
    0.00021686075336648075,
    0.00019104944851081244,
    0.0001638402539194953,
    0.0001361597460805047,
    0.00010895055148918757,
    8.313924663351933e-05,
    5.960480454311155e-05,
    3.91486624169011e-05,
    2.24674296405579e-05,
    1.0129165589346643e-05,
    2.554035047414732e-06,
    0.0,
    2.554035047414732e-06,
    1.0129165589346611e-05,
    2.2467429640557886e-05
  ],
  "grad_norm_min": [
    0.0,
    2.187153254105184,
    1.5741688652980448,
    1.1386423318277048,
    1.2391222678356122,
    1.3984033672494827,
    1.4323157355271252,
    1.4797747694215129,
    0.0,
    1.9259190115870257,
    1.7196569945170388,
    2.1143949676091456,
    2.201943909050956,
    2.2577392570358756,
    2.3299495878420164,
    0.0,
    0.0,
    2.667726075337723,
    2.454523519031211,
    2.748542368635125,
    2.5985229421919303,
    2.3819818518466263,
    2.7900968418890115
  ],
  "grad_norm_mean": [
    7.2388194478154295,
    4.37567278512411,
    3.133874332172792,
    2.759102329419619,
    2.577361080992504,
    2.7199433211869692,
    2.714449304547077,
    3.017382224918418,
    2.9252256603720093,
    3.2947833537886684,
    3.498006363955701,
    3.6913101745506114,
    3.833813226512029,
    4.143389138982009,
    4.301191961639839,
    4.475002304286851,
    4.668770954547248,
    4.7857025497395504,
    4.846521872932046,
    4.943680129273551,
    4.865518703050868,
    4.9893664553148005,
    5.046460497945562
  ],
  "grad_norm_max": [
    14.928533769769333,
    9.706774753729112,
    7.532912935402196,
    6.288815407151662,
    10.699853004891034,
    13.411117645495407,
    13.892206947078817,
    6.885905903069899,
    6.998598700908655,
    8.464211874436831,
    18.165034571777543,
    14.977592900624085,
    10.31296094939303,
    13.97433881865832,
    10.083511789847526,
    11.881745245402787,
    9.279194775313647,
    13.86524091657958,
    10.05952284369139,
    13.115753860672598,
    12.039968840949234,
    32.78948910636899,
    11.351035339057317
  ]
}