{
  "train_loss": [
    1.578921187382478,
    1.5109849595106566,
    1.4746200900811415,
    1.447461941685432,
    1.4135941370175436,
    1.3968177670851731,
    1.3684217780828476,
    1.3477666626373928,
    1.3406207932111545,
    1.3172243376955008,
    1.305161575285288,
    1.2939966773757567,
    1.2737786152806037,
    1.2609087908879304,
    1.2520288091439467,
    1.236828000499652,
    1.22717596609623,
    1.2204654321838648,
    1.2052355997073345,
    1.207350288446133,
    1.208615094423294,
    1.2068241727657807,
    1.2100462646056445,
    1.2026131082421694,
    1.2161110314803245,
    1.2207528276321216,
    1.2194670400558374
  ],
  "val_loss": [
    1.5036847017988373,
    1.475876981699014,
    1.4593383511410485,
    1.4660613280308397,
    1.4458826116368741,
    1.4626244283929657,
    1.374903368044503,
    1.3918675946283945,
    1.4316038368623467,
    1.3962299288073672,
    1.3873523866073996,
    1.3996628711495218,
    1.410482073886485,
    1.4160477949094168,
    1.4082285867461675,
    1.4173820697808568,
    1.4250533203535443,
    1.4301312324366993,
    1.4296072879924049,
    1.4282860046700587,
    1.4282860046700587,
    1.4283141606970677,
    1.430361188665221,
    1.4319534369661837,
    1.4408036885382254,
    1.4429862944385674,
    1.4311157925219475
  ],
  "val_f1_macro": [
    0.09421903673898198,
    0.11907611740590822,
    0.13089775869314904,
    0.12432469031606963,
    0.17515064418560736,
    0.17012708812816874,
    0.23194835680630135,
    0.22391669760698038,
    0.2376807211335669,
    0.25969622356310385,
    0.24034231358703467,
    0.2607437937190513,
    0.25399944333322666,
    0.25573388415674553,
    0.26109614474383097,
    0.2587648475946842,
    0.25509120301441396,
    0.25790182579434884,
    0.2626765126155991,
    0.26143558993552674,
    0.26143558993552674,
    0.2606765019531018,
    0.25625043269869585,
    0.25875268280927965,
    0.2565667168065341,
    0.2517839996849224,
    0.257110290638557
  ],
  "lr": [
    0.00011999999999999998,
    0.00020999999999999995,
    0.0003,
    0.00029744596495258525,
    0.0002898708344106533,
    0.0002775325703594421,
    0.00026085133758309883,
    0.00024039519545688846,
    0.00021686075336648075,
    0.00019104944851081244,
    0.0001638402539194953,
    0.0001361597460805047,
    0.00010895055148918757,
    8.313924663351933e-05,
    5.960480454311155e-05,
    3.91486624169011e-05,
    2.24674296405579e-05,
    1.0129165589346643e-05,
    2.554035047414732e-06,
    0.0,
    2.554035047414732e-06,
    1.0129165589346611e-05,
    2.2467429640557886e-05,
    3.914866241690114e-05,
    5.9604804543111434e-05,
    8.313924663351918e-05,
    0.00010895055148918756
  ],
  "grad_norm_min": [
    4.049708482830024,
    2.1264910119687737,
    1.8937453408230085,
    1.3544624599937007,
    1.1274787693690984,
    1.215567342148433,
    1.1333907129702265,
    1.4168131031057538,
    1.4354650617152134,
    1.6092864328092769,
    1.5063746842225152,
    1.6074245397879683,
    1.9065512707049057,
    1.8841601741495992,
    1.8730845673539143,
    1.7195377051196479,
    2.196801510912557,
    2.1951992301769225,
    2.2812037208390494,
    2.2117564480901883,
    2.061989387689593,
    2.236598242057525,
    2.2146637295428278,
    2.1647518156346135,
    2.358640917400459,
    2.2581817357883547,
    2.498546300248061
  ],
  "grad_norm_mean": [
    6.86979481514178,
    4.1236681811307765,
    3.1082197969060803,
    2.789153712302083,
    2.4464429380266077,
    2.5240795168620496,
    2.377887652652361,
    2.5808891364382363,
    2.5311403224279814,
    2.7004101120352892,
    2.789420185183503,
    2.8690953041561147,
    3.0333674847420085,
    3.1952495316729457,
    3.2829502578165886,
    3.3767519271186646,
    3.50247001174591,
    3.604908673406204,
    3.6482723843737825,
    3.6747682671025084,
    3.6414673557550783,
    3.6400841493667655,
    3.680324455018424,
    3.770488380593215,
    3.8761019230885765,
    3.80986936167649,
    3.888159167493484
  ],
  "grad_norm_max": [
    14.40143512737004,
    10.641522466945306,
    6.723635582061774,
    5.775775202107044,
    4.69149311766732,
    5.430384375999669,
    4.744365811888505,
    4.975563048396022,
    5.051212216736079,
    5.2256075711819605,
    6.107998356874232,
    7.260211454377265,
    5.628359559614926,
    7.244034511949033,
    5.38753898961303,
    6.5321840784280445,
    9.168234902497513,
    7.117896758698586,
    8.351173242882592,
    8.29942655455356,
    7.591339869761855,
    6.980132556525142,
    7.074998043317208,
    8.264330081514036,
    7.7804359443619395,
    7.30688207387087,
    8.804550125150664
  ]
}