{
  "train_loss": [
    1.5812708231119008,
    1.514831190144186,
    1.473188008144225,
    1.4264904596866705,
    1.382553816933335,
    1.3424226757370945,
    1.3147285617751516,
    1.2914049784779111,
    1.2603738456418663,
    1.248611249548175,
    1.2144661862334925,
    1.1761665874785119,
    1.1611688268053664,
    1.1323564530728938,
    1.10652975437842,
    1.0818793155771471,
    1.0611981526835934,
    1.0413008568051096,
    1.03360574280386,
    1.033845251296466,
    1.0273980172999175,
    1.0267225161140219,
    1.0244067792709057
  ],
  "val_loss": [
    1.480677336886309,
    1.4689060199087944,
    1.4024595419565837,
    1.3834332780561585,
    1.3763603464416836,
    1.357653854549795,
    1.3247528214385544,
    1.3320724419925525,
    1.3412424947904504,
    1.3649170528287473,
    1.3202588411344998,
    1.3501427182252856,
    1.3342211799345154,
    1.340997830681179,
    1.3448796570301056,
    1.3617200946462327,
    1.3689261636008387,
    1.3808284691278485,
    1.3834608413171077,
    1.384646191113237,
    1.384646191113237,
    1.3861332155656123,
    1.38506309364153
  ],
  "val_f1_macro": [
    0.12517305901299505,
    0.09792222727242253,
    0.19849265564560653,
    0.22080945768258234,
    0.18888037839157223,
    0.2592451260635356,
    0.2641179830195345,
    0.26134601690098047,
    0.2625253976043094,
    0.2740921083605392,
    0.26184570717777617,
    0.25699638248774687,
    0.26075171993065743,
    0.25953731944926894,
    0.2745839783224281,
    0.26865533151696563,
    0.2720182990832293,
    0.27349309206294686,
    0.27257445347978637,
    0.26960638778437485,
    0.26960638778437485,
    0.2730513156231019,
    0.26798707274070654
  ],
  "lr": [
    0.00011999999999999998,
    0.00020999999999999995,
    0.0003,
    0.00029744596495258525,
    0.0002898708344106533,
    0.0002775325703594421,
    0.00026085133758309883,
    0.00024039519545688846,
    0.00021686075336648075,
    0.00019104944851081244,
    0.0001638402539194953,
    0.0001361597460805047,
    0.00010895055148918757,
    8.313924663351933e-05,
    5.960480454311155e-05,
    3.91486624169011e-05,
    2.24674296405579e-05,
    1.0129165589346643e-05,
    2.554035047414732e-06,
    0.0,
    2.554035047414732e-06,
    1.0129165589346611e-05,
    2.2467429640557886e-05
  ],
  "grad_norm_min": [
    0.0,
    0.0,
    1.9777745001968545,
    1.7880009192337265,
    1.7684890140842635,
    0.0,
    1.8028244982542843,
    1.8184618592397936,
    1.91378730858655,
    1.9332868470008047,
    2.160334439466473,
    2.3908410945858543,
    2.4799685210721574,
    0.0,
    2.8625393064432,
    2.8403198870540747,
    3.0030478283004167,
    2.840212938285724,
    3.057648401281377,
    3.121371831802748,
    2.989730324369322,
    3.254354132643554,
    3.185496726760147
  ],
  "grad_norm_mean": [
    6.803357528957496,
    4.3085057324310965,
    3.2210838408793503,
    3.0772874282467937,
    2.9909674502848693,
    2.9607186566372707,
    3.060658224595299,
    3.078461874601974,
    3.310088270269388,
    3.3285833751663523,
    3.619329293856813,
    3.742395933365976,
    4.052370729151755,
    4.345788810074755,
    4.701978335036618,
    4.8682619210783065,
    4.8859719771493015,
    5.053587221709849,
    5.164925409067648,
    5.1387800554199465,
    5.1699254165466,
    5.2197592741138,
    5.264652219210161
  ],
  "grad_norm_max": [
    15.262632994331609,
    8.210520682139942,
    6.317504419375191,
    5.866909034433934,
    5.964472021487818,
    7.54295095574214,
    5.514774541654795,
    5.384915677437068,
    6.9588792465082,
    6.708295870973042,
    8.280370646548969,
    7.841901607399443,
    8.471572602511813,
    9.621007720206538,
    10.748299721199313,
    10.336937612380302,
    10.350208390120573,
    10.323635032019832,
    11.533611784693475,
    13.132204221896723,
    10.775892541336383,
    11.4259531210845,
    9.890647350558721
  ]
}