{
  "train_loss": [
    1.5790376903919072,
    1.5099033564329147,
    1.477339389996651,
    1.4352496885336363,
    1.3915463663064516,
    1.365298863595877,
    1.3512566038049185,
    1.337446418710244,
    1.3210412678428185,
    1.2951019478914065,
    1.286121857089874,
    1.2637153565883636,
    1.2491648894472,
    1.2337136178826675,
    1.2161691651130333,
    1.203323563704124,
    1.1946088795860608,
    1.1792491124226496,
    1.1705051232606938
  ],
  "val_loss": [
    1.4950158958193622,
    1.4774856491933894,
    1.4463144035278996,
    1.4391204488428333,
    1.397276733495012,
    1.4043603426293483,
    1.3976317787472206,
    1.3723097119150283,
    1.3659854825538924,
    1.4082413896729675,
    1.3925785505318944,
    1.4091332524637632,
    1.389919612981096,
    1.3905076354364805,
    1.382441287553763,
    1.4028636466098736,
    1.3979632047158252,
    1.4019961907893796,
    1.4010420222825641
  ],
  "val_f1_macro": [
    0.09391064737478551,
    0.11419479323130341,
    0.14623573941956675,
    0.13914334408311907,
    0.17983674692869467,
    0.23521447817146424,
    0.22442792135919923,
    0.26524349856892493,
    0.266568802400255,
    0.26091570281074883,
    0.27712087554374853,
    0.2658770641295459,
    0.26249183756057837,
    0.2676456646175427,
    0.2731582723602415,
    0.26989651703238227,
    0.27046615229017135,
    0.27596563469902646,
    0.26957112771248504
  ],
  "lr": [
    0.00011999999999999998,
    0.00020999999999999995,
    0.0003,
    0.00029744596495258525,
    0.0002898708344106533,
    0.0002775325703594421,
    0.00026085133758309883,
    0.00024039519545688846,
    0.00021686075336648075,
    0.00019104944851081244,
    0.0001638402539194953,
    0.0001361597460805047,
    0.00010895055148918757,
    8.313924663351933e-05,
    5.960480454311155e-05,
    3.91486624169011e-05,
    2.24674296405579e-05,
    1.0129165589346643e-05,
    2.554035047414732e-06
  ],
  "grad_norm_min": [
    0.0,
    0.0,
    1.682498072860832,
    1.2929159513973054,
    1.3516863068625025,
    1.5387538736818378,
    0.0,
    1.492216300107758,
    1.4799028374903367,
    1.6701181333706416,
    1.933202702699845,
    1.9155356046919019,
    0.0,
    1.7460658947359715,
    2.10149459084152,
    2.138349943611709,
    0.0,
    2.4564319485030497,
    2.4253272076156103
  ],
  "grad_norm_mean": [
    6.959378171306357,
    4.303635692898768,
    2.881470548676252,
    2.643651886465644,
    2.5955179380786726,
    2.7333722106560727,
    2.7450148662033835,
    2.627084988868988,
    2.818689850140071,
    2.911816849983522,
    3.169807738379045,
    3.214888880749469,
    3.3686004735469757,
    3.574884623946227,
    3.895325907291567,
    3.9655744587633115,
    4.1915135264954415,
    4.153214189144398,
    4.4209619664846445
  ],
  "grad_norm_max": [
    15.001549547663434,
    8.328419947025212,
    7.810496045715528,
    7.699551434986565,
    6.785399191788522,
    6.328245386209361,
    5.85392321104707,
    5.492148299692678,
    7.020099119659886,
    6.847126937265394,
    8.453468932972282,
    7.496412617248003,
    7.210752665909334,
    6.76561609846208,
    8.104384424526692,
    7.0559032853228665,
    9.131674416103323,
    7.965876693375334,
    9.894899971162237
  ]
}