{
  "train_loss": [
    1.5815303571888657,
    1.5266919085236847,
    1.5141196239190025,
    1.5050530421929282,
    1.4931507939197979,
    1.4678906077244243,
    1.4492306810910585,
    1.4378780689395843,
    1.4256533773219,
    1.4204146396918376,
    1.4004698915559737,
    1.3853255680350007,
    1.3793716256735755,
    1.3702634342381212,
    1.3508683515376732,
    1.341265992649266,
    1.331514106226749,
    1.3235078538050418,
    1.3204447152184657,
    1.311396631647329,
    1.3127686041300415,
    1.3143159176482528,
    1.3179523612632127
  ],
  "val_loss": [
    1.5074989160934051,
    1.4989245681019572,
    1.4946026089903597,
    1.4910161092683867,
    1.4730659134976276,
    1.4418466849760576,
    1.4384649628168578,
    1.4381507294518607,
    1.4417497802090335,
    1.4239952277827572,
    1.401842077057083,
    1.4004523668970381,
    1.397344698379566,
    1.3835620942053857,
    1.3933016247563548,
    1.3853389841395538,
    1.3831423664247835,
    1.3785324054104942,
    1.3760839290433116,
    1.376762082050373,
    1.376762082050373,
    1.377060207453641,
    1.3755136759250195
  ],
  "val_f1_macro": [
    0.1115173916008351,
    0.06914921864052687,
    0.06430684657141314,
    0.06395568047438688,
    0.11244802369472462,
    0.08866592715975846,
    0.14202156732194526,
    0.12837229048710666,
    0.12769131694892577,
    0.1647908724873544,
    0.18031335485628944,
    0.21675425857791392,
    0.2077596416949564,
    0.2173617088097008,
    0.21821711489186116,
    0.20605700411866837,
    0.2025782958204477,
    0.21771192555954175,
    0.21756304747573932,
    0.21359727064314538,
    0.21359727064314538,
    0.21160389853343337,
    0.21478292866354104
  ],
  "lr": [
    0.00011999999999999998,
    0.00020999999999999995,
    0.0003,
    0.00029744596495258525,
    0.0002898708344106533,
    0.0002775325703594421,
    0.00026085133758309883,
    0.00024039519545688846,
    0.00021686075336648075,
    0.00019104944851081244,
    0.0001638402539194953,
    0.0001361597460805047,
    0.00010895055148918757,
    8.313924663351933e-05,
    5.960480454311155e-05,
    3.91486624169011e-05,
    2.24674296405579e-05,
    1.0129165589346643e-05,
    2.554035047414732e-06,
    0.0,
    2.554035047414732e-06,
    1.0129165589346611e-05,
    2.2467429640557886e-05
  ],
  "grad_norm_min": [
    3.811065676543075,
    1.8714659148923631,
    1.0701708705246935,
    0.7132805720780566,
    0.5684645716246086,
    0.7166208932573183,
    0.629801277072864,
    0.5366865927805858,
    0.6615218081909745,
    0.7197209127192737,
    0.836424824045482,
    0.8985408541931187,
    0.9271866366992683,
    1.0348955620410043,
    1.2589786435573767,
    1.2881756565068991,
    1.3750721103928671,
    1.4378750832801743,
    1.4708187365698646,
    1.3050476916391516,
    1.4448755145520857,
    1.6070889178397731,
    1.6093385832450908
  ],
  "grad_norm_mean": [
    6.709537093731871,
    3.8060261282815913,
    2.146885979806447,
    1.4826316062563785,
    1.3315449680257077,
    1.541300787373735,
    1.4850449120743727,
    1.5401448209246136,
    1.5187737055603787,
    1.6079397662361952,
    1.7033021305449976,
    1.775149395284407,
    1.8874390979728384,
    1.9526165040486256,
    2.0902127032094673,
    2.295931665914497,
    2.4727469275291702,
    2.5347193212584536,
    2.611796355725846,
    2.6489175890579832,
    2.651552303738514,
    2.648710053470412,
    2.739869160081487
  ],
  "grad_norm_max": [
    13.993137728075112,
    9.675024483339909,
    4.518337858380094,
    3.6475773192377634,
    3.0037153634153193,
    4.021422376862143,
    5.772784761060323,
    4.594615320841062,
    4.627021949668319,
    6.027523929399887,
    5.4798648925575115,
    4.451532146168731,
    5.820823147578921,
    7.445307648772226,
    4.125329276127678,
    4.974037575897148,
    5.442338929858835,
    5.655706007543446,
    6.1229052314953245,
    8.321123848102786,
    6.511897148249933,
    5.235114800894549,
    12.561820822327437
  ]
}