{
  "train_loss": [
    1.6249095641161553,
    1.5612218638336703,
    1.5369686441276462,
    1.527320482431709,
    1.505756459761935,
    1.4653938220027736,
    1.4506093512923093,
    1.4247061639684235,
    1.4096597845563417,
    1.38515052686626,
    1.3712091065178353,
    1.353978770087427,
    1.3351602479532192,
    1.318961309162836,
    1.3074360637157136,
    1.2903452801160487,
    1.2798644467451727,
    1.268563790239762,
    1.2710671069050923,
    1.2645654610354637,
    1.2598519601749376,
    1.263786638870892,
    1.268723817605936
  ],
  "val_loss": [
    1.5300928227829211,
    1.5270632975029224,
    1.5236729780832927,
    1.501818078033852,
    1.4763318119627056,
    1.4755854949806675,
    1.4201617186719722,
    1.432274880734357,
    1.3989639643466834,
    1.3941423703323712,
    1.4248369101322058,
    1.3821673971233945,
    1.3940249338294521,
    1.3829354625759702,
    1.3837439318497975,
    1.3787208398183186,
    1.388063163468332,
    1.3898719341465922,
    1.3922790930126652,
    1.3919563627604283,
    1.3919563627604283,
    1.3926701527653318,
    1.3940607128721294
  ],
  "val_f1_macro": [
    0.08726975866417655,
    0.08049273946155942,
    0.06461634836787214,
    0.12420226228331412,
    0.12758133448767073,
    0.11167722106942457,
    0.17442766567000123,
    0.21205673523373852,
    0.23297604282740786,
    0.24384101084228627,
    0.2422228363059863,
    0.25751751099327014,
    0.24697335906725934,
    0.263145257431731,
    0.27309803440485914,
    0.2720575253065151,
    0.26486525236309433,
    0.2727084559395834,
    0.26356316952536035,
    0.2690443753364805,
    0.2690443753364805,
    0.26579332005168954,
    0.2625623314611599
  ],
  "lr": [
    0.00011999999999999998,
    0.00020999999999999995,
    0.0003,
    0.00029744596495258525,
    0.0002898708344106533,
    0.0002775325703594421,
    0.00026085133758309883,
    0.00024039519545688846,
    0.00021686075336648075,
    0.00019104944851081244,
    0.0001638402539194953,
    0.0001361597460805047,
    0.00010895055148918757,
    8.313924663351933e-05,
    5.960480454311155e-05,
    3.91486624169011e-05,
    2.24674296405579e-05,
    1.0129165589346643e-05,
    2.554035047414732e-06,
    0.0,
    2.554035047414732e-06,
    1.0129165589346611e-05,
    2.2467429640557886e-05
  ],
  "grad_norm_min": [
    0.0,
    2.326633517292547,
    1.4631833114239867,
    1.2696069952484805,
    1.071494617766559,
    1.0729790784091953,
    1.0884316951970618,
    1.0958295730869678,
    0.0,
    1.322728352551817,
    1.4375083569760247,
    0.0,
    0.0,
    2.0024833296531175,
    1.9641070808233112,
    2.266678244695543,
    2.2488658293865957,
    2.5284112090718693,
    2.232366522493736,
    2.245514605357082,
    2.4329180288961068,
    0.0,
    2.406810545158231
  ],
  "grad_norm_mean": [
    7.2883661930202255,
    4.415293485431142,
    2.798625105707402,
    2.3748316230607167,
    2.2013752021382853,
    2.211785522493637,
    2.2658683606331844,
    2.4988401745265754,
    2.7915758227727476,
    2.8646207208539605,
    2.9494104896701274,
    3.2550875762759692,
    3.271575048370251,
    3.5980013249012304,
    3.81543922872565,
    4.158155563224444,
    4.027597212711756,
    4.308460424292781,
    4.316446193008264,
    4.293955883366843,
    4.398333572764279,
    4.382076239178394,
    4.427149869340002
  ],
  "grad_norm_max": [
    14.712865409057029,
    11.283984840115217,
    5.656716485015272,
    4.936525948852806,
    5.420088028494567,
    5.581087591836094,
    5.350431845350819,
    5.508626805644571,
    6.785316580771724,
    8.475663562821916,
    6.85601184245065,
    6.3644373506728895,
    6.515501927161088,
    6.554208127272541,
    11.241025692911167,
    9.296592189582043,
    7.670353387315256,
    8.392668483349564,
    8.535264481306905,
    9.953564906037995,
    8.936468999572773,
    9.078871282040051,
    11.146026811549023
  ]
}