{
  "train_loss": [
    1.5776510246264668,
    1.498426108885878,
    1.475995448831552,
    1.43207055882524,
    1.408368152741807,
    1.3731239695137682,
    1.3518710353503973,
    1.329917509715778,
    1.3274074651943608,
    1.2959466742250485,
    1.2797221267185273,
    1.257742984797627,
    1.245159940216869,
    1.2228954552461544,
    1.207091548381903,
    1.183877917714774,
    1.1744528919363175,
    1.1631305594794668,
    1.1595316121753412
  ],
  "val_loss": [
    1.4774180757693756,
    1.4532419741153717,
    1.422377612346258,
    1.3872872247145727,
    1.402948340544334,
    1.364052795446836,
    1.3770083509958708,
    1.3623901987687135,
    1.361785853520418,
    1.3415373388009193,
    1.3271674651366014,
    1.342996215973145,
    1.3459840829555805,
    1.3327902142818158,
    1.3365433430060363,
    1.3513196997153454,
    1.3471094950651512,
    1.356448993468896,
    1.3577782129630065
  ],
  "val_f1_macro": [
    0.1067030679713156,
    0.10454526091104559,
    0.13775733903585885,
    0.19448130362582278,
    0.18675605221398378,
    0.2231089691678337,
    0.2042738706609613,
    0.24476043309122902,
    0.236766768170471,
    0.2567373180734544,
    0.274245285686859,
    0.2605222387815335,
    0.24777435678912696,
    0.2569942430872003,
    0.2700401243899835,
    0.25942120975738225,
    0.2581964263376411,
    0.26148712848760597,
    0.2657295874347214
  ],
  "lr": [
    0.00011999999999999998,
    0.00020999999999999995,
    0.0003,
    0.00029744596495258525,
    0.0002898708344106533,
    0.0002775325703594421,
    0.00026085133758309883,
    0.00024039519545688846,
    0.00021686075336648075,
    0.00019104944851081244,
    0.0001638402539194953,
    0.0001361597460805047,
    0.00010895055148918757,
    8.313924663351933e-05,
    5.960480454311155e-05,
    3.91486624169011e-05,
    2.24674296405579e-05,
    1.0129165589346643e-05,
    2.554035047414732e-06
  ],
  "grad_norm_min": [
    0.0,
    2.683927349312987,
    1.7516394006567129,
    1.4284657488171313,
    1.3106150607874356,
    1.4463627011788316,
    1.402432334233799,
    1.501023073171788,
    0.0,
    1.7852120604411164,
    1.7508252247615348,
    1.8430202431901443,
    0.0,
    2.4344053703118766,
    2.3292326424175127,
    2.525860841949802,
    2.7880282196690276,
    2.7987816519026305,
    2.503224736336738
  ],
  "grad_norm_mean": [
    6.975377433102803,
    4.426683884028802,
    3.114038302132037,
    2.8096039845959457,
    2.7472846316032853,
    2.7609631103927605,
    2.868847940265413,
    2.970399668835897,
    2.9862010114538986,
    3.1521842868606473,
    3.2536833469243334,
    3.450838690802266,
    3.7228791216441506,
    3.9334481774985557,
    4.097202016242129,
    4.274529819216552,
    4.608726471063945,
    4.629367026607188,
    4.687252394092182
  ],
  "grad_norm_max": [
    12.40365307423309,
    11.604723616079678,
    8.669482193829941,
    8.150659330327766,
    18.21384695109827,
    17.170736170089768,
    7.672768761097504,
    9.048049928479617,
    10.13105713006294,
    11.229561810425043,
    8.561435091822299,
    20.465621383236776,
    8.480319643710278,
    10.104261484974714,
    15.854181053912741,
    9.274162198992734,
    17.601323324982726,
    16.363360323167665,
    12.235414522971409
  ]
}