class,precision,recall,f1,support
Class 0,0.267857,0.232558,0.248963,129
Class 1,0.220000,0.064706,0.100000,170
Class 2,0.258824,0.234043,0.245810,94
Class 3,0.153846,0.400000,0.222222,60
Class 4,0.286957,0.358696,0.318841,92
Class 5,0.479592,0.610390,0.537143,154
Class 6,0.339506,0.280612,0.307263,196
Class 7,0.286667,0.328244,0.306050,131
macro avg,0.286656,0.313656,0.285786,1026
weighted avg,0.302015,0.304094,0.290375,1026
