class,precision,recall,f1,support
Class 0,0.265823,0.248521,0.256881,169
Class 1,0.234375,0.140845,0.175953,213
Class 2,0.168675,0.245614,0.200000,114
Class 3,0.186813,0.223684,0.203593,76
Class 4,0.555556,0.304348,0.393258,115
Class 5,0.403061,0.436464,0.419098,181
Class 6,0.363636,0.270042,0.309927,237
Class 7,0.265781,0.459770,0.336842,174
macro avg,0.305465,0.291161,0.286944,1279
weighted avg,0.310824,0.293198,0.291094,1279
