class,precision,recall,f1,support
Class 0,0.250000,0.301205,0.273224,166
Class 1,0.271605,0.105769,0.152249,208
Class 2,0.277778,0.090909,0.136986,110
Class 3,0.198113,0.280000,0.232044,75
Class 4,0.310680,0.283186,0.296296,113
Class 5,0.392241,0.514124,0.444988,177
Class 6,0.386364,0.369565,0.377778,230
Class 7,0.225926,0.360947,0.277904,169
macro avg,0.289088,0.288213,0.273934,1248
weighted avg,0.300470,0.298077,0.284931,1248
