class,precision,recall,f1,support
Class 0,0.205714,0.216867,0.211144,166
Class 1,0.275000,0.052885,0.088710,208
Class 2,0.338710,0.192661,0.245614,109
Class 3,0.183486,0.270270,0.218579,74
Class 4,0.402985,0.241071,0.301676,112
Class 5,0.384342,0.606742,0.470588,178
Class 6,0.298450,0.333333,0.314928,231
Class 7,0.285156,0.429412,0.342723,170
macro avg,0.296730,0.292905,0.274245,1248
weighted avg,0.298727,0.298878,0.276452,1248
