class,precision,recall,f1,support
Class 0,0.226119,0.250335,0.237611,747
Class 1,0.188623,0.067236,0.099135,937
Class 2,0.231959,0.087719,0.127298,513
Class 3,0.227027,0.121037,0.157895,347
Class 4,0.380814,0.250958,0.302540,522
Class 5,0.350420,0.530534,0.422065,786
Class 6,0.312073,0.385192,0.344799,1067
Class 7,0.246933,0.414948,0.309615,776
macro avg,0.270496,0.263495,0.250120,5695
weighted avg,0.270806,0.284109,0.261336,5695
