class,precision,recall,f1,support
Class 0,0.266667,0.265060,0.265861,166
Class 1,0.219512,0.043269,0.072289,208
Class 2,0.216667,0.118182,0.152941,110
Class 3,0.244898,0.320000,0.277457,75
Class 4,0.342466,0.223214,0.270270,112
Class 5,0.348485,0.519774,0.417234,177
Class 6,0.289753,0.354978,0.319066,231
Class 7,0.305660,0.476471,0.372414,170
macro avg,0.279263,0.290119,0.268441,1249
weighted avg,0.281072,0.296237,0.270566,1249
