class,precision,recall,f1,support
Class 0,0.262411,0.253425,0.257840,146
Class 1,0.311688,0.132597,0.186047,181
Class 2,0.223529,0.188119,0.204301,101
Class 3,0.182540,0.353846,0.240838,65
Class 4,0.196970,0.273684,0.229075,95
Class 5,0.445498,0.610390,0.515068,154
Class 6,0.361905,0.186275,0.245955,204
Class 7,0.266355,0.393103,0.317549,145
macro avg,0.281362,0.298930,0.274584,1091
weighted avg,0.301501,0.291476,0.279477,1091
