{
  "train_loss": [
    1.5830401808023453,
    1.504023625701666,
    1.4474869303405284,
    1.4175234373658896,
    1.3793750882148743,
    1.3672231080010533,
    1.3379749529063703,
    1.328283281624317,
    1.3059793835505844,
    1.2878995560109616,
    1.267216658219695,
    1.261784120835364,
    1.2368501925840973,
    1.2189095115289093,
    1.2029957087710499,
    1.187898038327694,
    1.177572581358254,
    1.1670891508460044
  ],
  "val_loss": [
    1.4853973791003228,
    1.4500515356659889,
    1.4094628378748895,
    1.4521033361554145,
    1.4166898287832737,
    1.3666673384606838,
    1.3452172547578811,
    1.3501046791672706,
    1.3443500831723214,
    1.3586697950959206,
    1.3452553503215312,
    1.3529607884585857,
    1.3335853554308414,
    1.3737778790295123,
    1.365947038680315,
    1.3568202145397663,
    1.3898323148488998,
    1.3826531790196896
  ],
  "val_f1_macro": [
    0.1299409336909229,
    0.16092601067760087,
    0.14792788549523644,
    0.13048018148187807,
    0.17073077715838167,
    0.23279728623889984,
    0.21758449036326857,
    0.23157286288543272,
    0.23743156566904325,
    0.26840225716533916,
    0.2501021854235264,
    0.26622369001577756,
    0.24821187279381235,
    0.24861142435478972,
    0.25300104461533435,
    0.25282376217374997,
    0.25303388489759926,
    0.2501963789178255
  ],
  "lr": [
    0.00011999999999999998,
    0.00020999999999999995,
    0.0003,
    0.00029744596495258525,
    0.0002898708344106533,
    0.0002775325703594421,
    0.00026085133758309883,
    0.00024039519545688846,
    0.00021686075336648075,
    0.00019104944851081244,
    0.0001638402539194953,
    0.0001361597460805047,
    0.00010895055148918757,
    8.313924663351933e-05,
    5.960480454311155e-05,
    3.91486624169011e-05,
    2.24674296405579e-05,
    1.0129165589346643e-05
  ],
  "grad_norm_min": [
    0.0,
    2.4067883438259776,
    1.9241036877413142,
    1.5639600821522062,
    1.775615810372185,
    1.6424000054160672,
    1.5595760213272118,
    1.8117550791154133,
    1.7085749047288346,
    0.0,
    1.9967154840489998,
    2.0556842167511222,
    0.0,
    2.234573696900363,
    2.212642958937017,
    2.3328391903801395,
    2.309249457610198,
    2.672678193633792
  ],
  "grad_norm_mean": [
    7.12483259994095,
    4.759734428448204,
    3.8972122377901783,
    3.1389885003658176,
    3.0221159677279514,
    2.7954788931338665,
    2.8623644649036577,
    2.8645830331263333,
    3.0677514357500812,
    3.0472434380390867,
    3.2873774878407183,
    3.3479114337772793,
    3.6851521022677263,
    3.6737113978700378,
    3.978810906437066,
    4.221536583027901,
    4.308387946748524,
    4.503760496319408
  ],
  "grad_norm_max": [
    19.146399339120844,
    10.005064100919409,
    8.591911379071599,
    6.578542073312984,
    6.130954128647122,
    5.729573720025205,
    5.745575842244818,
    6.253538718544551,
    7.87260100829432,
    5.614396415780493,
    6.3137698144328045,
    7.0002834340211395,
    9.174360189678067,
    6.98011357269216,
    10.50311284128951,
    9.922932358313918,
    8.39579982212391,
    11.009349147573399
  ]
}