metric,mean,std,min,max,ci_lower,ci_upper
Accuracy,0.288071,0.012763,0.258224,0.311181,0.283115,0.293031
Balanced Acc,0.284584,0.013904,0.251990,0.317165,0.279232,0.290091
F1 Macro,0.265253,0.010804,0.241902,0.284512,0.261076,0.269229
Precision Macro,0.275161,0.018105,0.243112,0.322237,0.268788,0.282089
Recall Macro,0.284584,0.013904,0.251990,0.317165,0.279232,0.290091
Loss,1.376397,0.049351,1.320381,1.536546,1.358785,1.395588
