metric,mean,std,min,max,ci_lower,ci_upper
Accuracy,0.284880,0.011628,0.257605,0.304094,0.280972,0.289334
Balanced Acc,0.282284,0.013608,0.259404,0.313656,0.277712,0.287721
F1 Macro,0.264249,0.010737,0.244468,0.286944,0.260586,0.268034
Precision Macro,0.278138,0.017113,0.254137,0.325312,0.272416,0.284340
Recall Macro,0.282284,0.013608,0.259404,0.313656,0.277712,0.287721
Loss,1.388231,0.049739,1.317176,1.528390,1.370971,1.405435
