subject,f1_mean,f1_std,f1_ci_lower,f1_ci_upper
sub-01,0.257129,0.009229,0.249200,0.264371
sub-02,0.270010,0.010622,0.260994,0.280259
sub-03,0.269946,0.012479,0.259743,0.279783
sub-04,0.268358,0.006418,0.262428,0.273002
sub-05,0.266921,0.005158,0.262157,0.270676
