subject,f1_mean,f1_std,f1_ci_lower,f1_ci_upper
sub-01,0.255035,0.010554,0.246353,0.263656
sub-02,0.270320,0.011017,0.261281,0.280125
sub-03,0.263716,0.010757,0.254305,0.273305
sub-04,0.269767,0.006463,0.264403,0.275550
sub-05,0.267429,0.005987,0.262253,0.272225
