{
  "train_loss": [
    1.5922945008609757,
    1.4973671576042316,
    1.4618987504379217,
    1.4031691201877246,
    1.3595208920838633,
    1.3248267123550723,
    1.3007216663150998,
    1.2643284055339548,
    1.2462056222416105,
    1.21448237599034,
    1.184976467937777,
    1.1657008168461558,
    1.1348823053496224,
    1.1153255716348305,
    1.0793052189079397,
    1.0549544329608316,
    1.0316043223216858,
    1.020961433321565
  ],
  "val_loss": [
    1.4921026178028272,
    1.436812200408051,
    1.423258156016253,
    1.3610660684281501,
    1.3836721078209255,
    1.359037408794182,
    1.3582963589308918,
    1.3267103321310403,
    1.3420199181722559,
    1.3574881398159524,
    1.3957668352818144,
    1.3778600399044976,
    1.4306269002997356,
    1.4169721862544185,
    1.4431586809780286,
    1.4678653556367625,
    1.4845019293868023,
    1.502351833426434
  ],
  "val_f1_macro": [
    0.08284517424234393,
    0.19809568505349734,
    0.15046182605582334,
    0.23669840864306302,
    0.2330647592155872,
    0.24271580754723351,
    0.2565301149335737,
    0.25215975183460704,
    0.2513194636619054,
    0.26690063309812667,
    0.2666261800914118,
    0.26062786420336104,
    0.2633973225810062,
    0.24302041743972747,
    0.2607456487094999,
    0.25237823764419504,
    0.25164819177416997,
    0.25750496044653703
  ],
  "lr": [
    0.00011999999999999998,
    0.00020999999999999995,
    0.0003,
    0.00029744596495258525,
    0.0002898708344106533,
    0.0002775325703594421,
    0.00026085133758309883,
    0.00024039519545688846,
    0.00021686075336648075,
    0.00019104944851081244,
    0.0001638402539194953,
    0.0001361597460805047,
    0.00010895055148918757,
    8.313924663351933e-05,
    5.960480454311155e-05,
    3.91486624169011e-05,
    2.24674296405579e-05,
    1.0129165589346643e-05
  ],
  "grad_norm_min": [
    0.0,
    2.8152606126223665,
    2.175070962888348,
    2.115562550232584,
    1.7238819770652223,
    2.227952362975677,
    2.089167643139818,
    0.0,
    2.201694016464605,
    2.272835559213039,
    2.5970452872649683,
    2.522857499214038,
    0.0,
    2.908114523038182,
    2.835742229449505,
    3.285535396418904,
    0.0,
    3.3874520159798296
  ],
  "grad_norm_mean": [
    7.332093297084516,
    4.70771996688239,
    3.831208707632122,
    3.5980283728247184,
    3.34566614036507,
    3.4027511018671475,
    3.2806439460460304,
    3.54052946250425,
    3.6083705365165315,
    3.865315306083003,
    4.111729329247745,
    4.4427328454958435,
    4.611374427728061,
    5.0095319745165865,
    5.189583569829123,
    5.41560219195323,
    5.430064555769317,
    5.682592605983603
  ],
  "grad_norm_max": [
    14.827727938887755,
    10.353735085517853,
    7.309981221571826,
    8.586560226418488,
    6.083886385642938,
    6.186070010515223,
    7.71683003259654,
    7.162819181802163,
    8.128471666986181,
    6.934033799488787,
    8.96441172685277,
    8.872950891636005,
    11.435130181362315,
    9.816752564094614,
    12.591300603904784,
    17.029132336811358,
    15.023099482323742,
    15.79288783356197
  ]
}