class,precision,recall,f1,support
Class 0,0.220359,0.246980,0.232911,745
Class 1,0.255696,0.107906,0.151766,936
Class 2,0.219409,0.100775,0.138114,516
Class 3,0.197674,0.146974,0.168595,347
Class 4,0.389356,0.266284,0.316268,522
Class 5,0.344471,0.550891,0.423886,786
Class 6,0.300172,0.328022,0.313480,1067
Class 7,0.248531,0.380952,0.300813,777
macro avg,0.271959,0.266098,0.255729,5696
weighted avg,0.276105,0.281952,0.265418,5696
