{
  "timestamp": "2026-03-02T06:44:03.155495",
  "summary": {
    "f1_macro": {
      "mean": 0.26525334165588943,
      "std": 0.010803858078106045,
      "min": 0.24190219661123857,
      "max": 0.2845121680212809,
      "ci_lower": 0.26107636204036283,
      "ci_upper": 0.2692293912179275,
      "ci_95": "[0.2611, 0.2692]"
    },
    "accuracy": {
      "mean": 0.28807144915419136,
      "std": 0.012763462858853372,
      "min": 0.2582236842105263,
      "max": 0.31118060985144647,
      "ci_lower": 0.28311510768121123,
      "ci_upper": 0.2930306047541115,
      "ci_95": "[0.2831, 0.2930]"
    },
    "balanced_accuracy": {
      "mean": 0.2845841607602961,
      "std": 0.013904050152928536,
      "min": 0.2519901215846968,
      "max": 0.3171654348213322,
      "ci_lower": 0.27923154831815666,
      "ci_upper": 0.29009119830454044,
      "ci_95": "[0.2792, 0.2901]"
    },
    "precision_macro": {
      "mean": 0.27516083740992103,
      "std": 0.018105216671293247,
      "min": 0.2431118873627544,
      "max": 0.3222368344172597,
      "ci_lower": 0.26878820420367994,
      "ci_upper": 0.28208900259062497,
      "ci_95": "[0.2688, 0.2821]"
    },
    "recall_macro": {
      "mean": 0.2845841607602961,
      "std": 0.013904050152928536,
      "min": 0.2519901215846968,
      "max": 0.3171654348213322,
      "ci_lower": 0.27923154831815666,
      "ci_upper": 0.29009119830454044,
      "ci_95": "[0.2792, 0.2901]"
    },
    "loss": {
      "mean": 1.3763973885161982,
      "std": 0.04935096100960184,
      "min": 1.3203808573576121,
      "max": 1.5365463296572368,
      "ci_lower": 1.3587853390199984,
      "ci_upper": 1.3955875002103888,
      "ci_95": "[1.3588, 1.3956]"
    }
  },
  "per_subject": {
    "sub-01": {
      "f1_macro": {
        "mean": 0.2550350179238382,
        "std": 0.010553750731819583,
        "ci_lower": 0.2463527020679729,
        "ci_upper": 0.2636555355005837,
        "folds": [
          0.2636304386683461,
          0.2635855338334575,
          0.2423188349223201,
          0.2637380855838287,
          0.24190219661123857
        ]
      }
    },
    "sub-02": {
      "f1_macro": {
        "mean": 0.270319938778577,
        "std": 0.011016758616934443,
        "ci_lower": 0.26128122797634423,
        "ci_upper": 0.2801248234065315,
        "folds": [
          0.2845121680212809,
          0.26503726208577527,
          0.26366821009540786,
          0.2563317028073815,
          0.28205035088303965
        ]
      }
    },
    "sub-03": {
      "f1_macro": {
        "mean": 0.26371595890929417,
        "std": 0.01075654109781352,
        "ci_lower": 0.2543052392033214,
        "ci_upper": 0.2733046102541135,
        "folds": [
          0.2769413589538882,
          0.2518568245054208,
          0.27426508693586893,
          0.2641101594910531,
          0.25140636466023986
        ]
      }
    },
    "sub-04": {
      "f1_macro": {
        "mean": 0.26976723917087464,
        "std": 0.006462651098658718,
        "ci_lower": 0.2644030259261737,
        "ci_upper": 0.27555040899395733,
        "folds": [
          0.27712087554374853,
          0.26711521185420284,
          0.26267457108843695,
          0.26408688484403964,
          0.277838652523945
        ]
      }
    },
    "sub-05": {
      "f1_macro": {
        "mean": 0.2674285534968631,
        "std": 0.005986833635495545,
        "ci_lower": 0.26225340808224085,
        "ci_upper": 0.2722248440323307,
        "folds": [
          0.2714132258147457,
          0.2571248154594189,
          0.26533460529053843,
          0.26868614259718465,
          0.2745839783224281
        ]
      }
    }
  },
  "bootstrap_ci": {
    "sub-01_f1_macro": {
      "mean": 0.2550350179238382,
      "ci_95": [
        0.2463311726848764,
        0.2636645164675614
      ]
    },
    "sub-02_f1_macro": {
      "mean": 0.270319938778577,
      "ci_95": [
        0.2610074175782708,
        0.279851013008458
      ]
    },
    "sub-03_f1_macro": {
      "mean": 0.26371595890929417,
      "ci_95": [
        0.2541273075644749,
        0.2733046102541135
      ]
    },
    "sub-04_f1_macro": {
      "mean": 0.26976723917087464,
      "ci_95": [
        0.2641276247438312,
        0.27540685359791806
      ]
    },
    "sub-05_f1_macro": {
      "mean": 0.2674285534968631,
      "ci_95": [
        0.2617493463145252,
        0.27213611017430644
      ]
    },
    "sub-01_accuracy": {
      "mean": 0.2793013179518229,
      "ci_95": [
        0.2681634627859707,
        0.28785219262206463
      ]
    },
    "sub-02_accuracy": {
      "mean": 0.2913213448006255,
      "ci_95": [
        0.28178264268960124,
        0.3028928850664582
      ]
    },
    "sub-03_accuracy": {
      "mean": 0.2918933436588333,
      "ci_95": [
        0.2800621048455825,
        0.3029997095953125
      ]
    },
    "sub-04_accuracy": {
      "mean": 0.29626470407094907,
      "ci_95": [
        0.2886217948717949,
        0.3039076132701033
      ]
    },
    "sub-05_accuracy": {
      "mean": 0.28157653528872595,
      "ci_95": [
        0.2744271310724106,
        0.2887259395050413
      ]
    }
  },
  "comparisons": [
    {
      "pair": "sub-01 vs sub-02",
      "statistic": 2.0,
      "p_value": 0.1875,
      "significant_fdr05": false
    },
    {
      "pair": "sub-01 vs sub-03",
      "statistic": 3.0,
      "p_value": 0.3125,
      "significant_fdr05": false
    },
    {
      "pair": "sub-01 vs sub-04",
      "statistic": 0.0,
      "p_value": 0.0625,
      "significant_fdr05": false
    },
    {
      "pair": "sub-01 vs sub-05",
      "statistic": 2.0,
      "p_value": 0.1875,
      "significant_fdr05": false
    },
    {
      "pair": "sub-02 vs sub-03",
      "statistic": 5.0,
      "p_value": 0.625,
      "significant_fdr05": false
    },
    {
      "pair": "sub-02 vs sub-04",
      "statistic": 7.0,
      "p_value": 1.0,
      "significant_fdr05": false
    },
    {
      "pair": "sub-02 vs sub-05",
      "statistic": 5.0,
      "p_value": 0.625,
      "significant_fdr05": false
    },
    {
      "pair": "sub-03 vs sub-04",
      "statistic": 4.0,
      "p_value": 0.4375,
      "significant_fdr05": false
    },
    {
      "pair": "sub-03 vs sub-05",
      "statistic": 7.0,
      "p_value": 1.0,
      "significant_fdr05": false
    },
    {
      "pair": "sub-04 vs sub-05",
      "statistic": 4.0,
      "p_value": 0.4375,
      "significant_fdr05": false
    }
  ]
}