{
  "timestamp": "2026-04-29T12:30:23.625517",
  "summary": {
    "f1_macro": {
      "mean": 0.26424941561039,
      "std": 0.010737040174856265,
      "min": 0.2444679132882895,
      "max": 0.28694408296692997,
      "ci_lower": 0.26058641688084805,
      "ci_upper": 0.2680341283285194,
      "ci_95": "[0.2606, 0.2680]"
    },
    "accuracy": {
      "mean": 0.2848796122922424,
      "std": 0.01162800764635909,
      "min": 0.2576045627376426,
      "max": 0.30409356725146197,
      "ci_lower": 0.2809723418433959,
      "ci_upper": 0.2893344948814844,
      "ci_95": "[0.2810, 0.2893]"
    },
    "balanced_accuracy": {
      "mean": 0.2822835154502133,
      "std": 0.013607861297113524,
      "min": 0.2594044993784713,
      "max": 0.31365604466874464,
      "ci_lower": 0.2777119692780373,
      "ci_upper": 0.28772087497786697,
      "ci_95": "[0.2777, 0.2877]"
    },
    "precision_macro": {
      "mean": 0.2781384979312633,
      "std": 0.017113041289958286,
      "min": 0.25413735965963247,
      "max": 0.3253123939121426,
      "ci_lower": 0.2724162349398974,
      "ci_upper": 0.28434005617305397,
      "ci_95": "[0.2724, 0.2843]"
    },
    "recall_macro": {
      "mean": 0.2822835154502133,
      "std": 0.013607861297113524,
      "min": 0.2594044993784713,
      "max": 0.31365604466874464,
      "ci_lower": 0.2777119692780373,
      "ci_upper": 0.28772087497786697,
      "ci_95": "[0.2777, 0.2877]"
    },
    "loss": {
      "mean": 1.388231038263839,
      "std": 0.04973937378321627,
      "min": 1.3171760432422162,
      "max": 1.528389851252238,
      "ci_lower": 1.3709714476743988,
      "ci_upper": 1.4054347098733335,
      "ci_95": "[1.3710, 1.4054]"
    }
  },
  "per_pipeline": {
    "si": {
      "f1_macro": {
        "mean": 0.25313179752163395,
        "std": 0.002490870730304168,
        "min": 0.25011976722165297,
        "max": 0.2557292242144905,
        "ci_lower": 0.2509689344290109,
        "ci_upper": 0.2552200005578402,
        "n": 5
      },
      "accuracy": {
        "mean": 0.2830561764059754,
        "std": 0.0027803282340234533,
        "min": 0.2790942601369142,
        "max": 0.2875702247191011,
        "ci_lower": 0.2807893860787186,
        "ci_upper": 0.285444885019806,
        "n": 5
      },
      "balanced_accuracy": {
        "mean": 0.26649255228413704,
        "std": 0.003338709810276546,
        "min": 0.26229850822900475,
        "max": 0.27062423356022264,
        "ci_lower": 0.26353700953967574,
        "ci_upper": 0.2694480950285984,
        "n": 5
      },
      "precision_macro": {
        "mean": 0.27306127098607325,
        "std": 0.0058234575064221444,
        "min": 0.2642217705431634,
        "max": 0.2809594303634165,
        "ci_lower": 0.2682787385413608,
        "ci_upper": 0.2778438034307856,
        "n": 5
      },
      "recall_macro": {
        "mean": 0.26649255228413704,
        "std": 0.003338709810276546,
        "min": 0.26229850822900475,
        "max": 0.27062423356022264,
        "ci_lower": 0.26353700953967574,
        "ci_upper": 0.2694480950285984,
        "n": 5
      },
      "loss": {
        "mean": 1.4297142579034898,
        "std": 0.003683312595612931,
        "min": 1.4253328452619274,
        "max": 1.434848794750139,
        "ci_lower": 1.4264778237349935,
        "ci_upper": 1.4327051236673536,
        "n": 5
      }
    },
    "sd": {
      "f1_macro": {
        "mean": 0.26647293922814125,
        "std": 0.010365114904745194,
        "min": 0.2444679132882895,
        "max": 0.28694408296692997,
        "ci_lower": 0.2622276846968412,
        "ci_upper": 0.2705836292931413,
        "n": 25
      },
      "accuracy": {
        "mean": 0.28524429946949575,
        "std": 0.012645499149786169,
        "min": 0.2576045627376426,
        "max": 0.30409356725146197,
        "ci_lower": 0.28031170738254024,
        "ci_upper": 0.29027859129041594,
        "n": 25
      },
      "balanced_accuracy": {
        "mean": 0.2854417080834285,
        "std": 0.012654413696705146,
        "min": 0.2594044993784713,
        "max": 0.31365604466874464,
        "ci_lower": 0.2805057405014887,
        "ci_upper": 0.2901978599936568,
        "n": 25
      },
      "precision_macro": {
        "mean": 0.27915394332030125,
        "std": 0.01839723107251872,
        "min": 0.25413735965963247,
        "max": 0.3253123939121426,
        "ci_lower": 0.2721775905721388,
        "ci_upper": 0.28622229397675736,
        "n": 25
      },
      "recall_macro": {
        "mean": 0.2854417080834285,
        "std": 0.012654413696705146,
        "min": 0.2594044993784713,
        "max": 0.31365604466874464,
        "ci_lower": 0.2805057405014887,
        "ci_upper": 0.2901978599936568,
        "n": 25
      },
      "loss": {
        "mean": 1.3799343943359093,
        "std": 0.050528083320854816,
        "min": 1.3171760432422162,
        "max": 1.528389851252238,
        "ci_lower": 1.3626534414142275,
        "ci_upper": 1.3996009826318718,
        "n": 25
      }
    }
  },
  "per_subject": {
    "sub-01": {
      "f1_macro": {
        "mean": 0.2571287644959956,
        "std": 0.009228702162659221,
        "ci_lower": 0.24920026938847722,
        "ci_upper": 0.2643709054548508,
        "folds": [
          0.2444679132882895,
          0.27309803440485914,
          0.25548026770931187,
          0.25809251077138706,
          0.25450509630613044
        ]
      }
    },
    "sub-02": {
      "f1_macro": {
        "mean": 0.2700103020122954,
        "std": 0.010622074255878026,
        "ci_lower": 0.2609942819037175,
        "ci_upper": 0.280259023385261,
        "folds": [
          0.28694408296692997,
          0.26840225716533916,
          0.2738422466421686,
          0.2542423019036932,
          0.2666206213833463
        ]
      }
    },
    "sub-03": {
      "f1_macro": {
        "mean": 0.26994610332589375,
        "std": 0.01247920130171129,
        "ci_lower": 0.25974318277820985,
        "ci_upper": 0.2797825852361955,
        "folds": [
          0.27846042038780505,
          0.24896449520545422,
          0.2660998609357502,
          0.2857863453049081,
          0.270419394795551
        ]
      }
    },
    "sub-04": {
      "f1_macro": {
        "mean": 0.2683582616798562,
        "std": 0.006418420837393027,
        "ci_lower": 0.26242785071502533,
        "ci_upper": 0.27300177697732586,
        "folds": [
          0.26844147237632676,
          0.274245285686859,
          0.2686508494923473,
          0.256519968833466,
          0.27393373201028204
        ]
      }
    },
    "sub-05": {
      "f1_macro": {
        "mean": 0.2669212646266652,
        "std": 0.005158410269887046,
        "ci_lower": 0.2621568527296776,
        "ci_upper": 0.2706757212629124,
        "folds": [
          0.26690063309812667,
          0.25742852407858147,
          0.26717572559867386,
          0.271600549795335,
          0.271500890562609
        ]
      }
    }
  },
  "bootstrap_ci": {
    "sub-01_f1_macro": {
      "mean": 0.2571287644959956,
      "ci_95": [
        0.2493953036691135,
        0.2660509277266402
      ]
    },
    "sub-02_f1_macro": {
      "mean": 0.2700103020122954,
      "ci_95": [
        0.2609942819037175,
        0.2791710254898951
      ]
    },
    "sub-03_f1_macro": {
      "mean": 0.26994610332589375,
      "ci_95": [
        0.2591546601599437,
        0.2797825852361955
      ]
    },
    "sub-04_f1_macro": {
      "mean": 0.2683582616798562,
      "ci_95": [
        0.26242889760060545,
        0.27300177697732586
      ]
    },
    "sub-05_f1_macro": {
      "mean": 0.2669212646266652,
      "ci_95": [
        0.262137419179296,
        0.2706757212629124
      ]
    },
    "sub-01_accuracy": {
      "mean": 0.27115403399984805,
      "ci_95": [
        0.26265027332289004,
        0.2807984790874524
      ]
    },
    "sub-02_accuracy": {
      "mean": 0.28975762314308057,