{
  "accuracy": 0.18970902515206312,
  "f1_macro": 0.04281715517235867,
  "precision_macro": 0.08335934136891951,
  "recall_macro": 0.12619129914415272,
  "balanced_accuracy": 0.12619129914415272,
  "loss": 1.5291623883585737
}