{
  "train_loss": [
    1.5747555930326884,
    1.501192577154256,
    1.4784373072798613,
    1.450700643461502,
    1.4326676932754219,
    1.4184346623457824,
    1.386695399822428,
    1.3625164637305858,
    1.3468271864991244,
    1.3161554304078396,
    1.3058794616261344,
    1.2847357556977625,
    1.2695291626778094,
    1.2532865560472244,
    1.2366327831253467,
    1.2178015361036307,
    1.2133864996962047,
    1.2039512245107717,
    1.193239943062749,
    1.197336397514269,
    1.193515773645171,
    1.1835966785130334,
    1.1876910681390578,
    1.1870303135437723,
    1.192219037722057,
    1.199669514184796,
    1.1953272849669252,
    1.193864419998362,
    1.1981247116155662,
    1.2042176802334619,
    1.189290381359219,
    1.1941421222130149,
    1.1887302224738125,
    1.1849532132018865,
    1.179167937443878,
    1.1619299021676357
  ],
  "val_loss": [
    1.4858823482806867,
    1.4750751697100126,
    1.470980741427495,
    1.4458036193480859,
    1.4289952718294583,
    1.4686684039922862,
    1.458941737505106,
    1.4356126922827501,
    1.4074847863270685,
    1.3975849179121165,
    1.393700043971722,
    1.3945984409405634,
    1.4035878071418175,
    1.4115362919293917,
    1.3904430380234352,
    1.3871827501517076,
    1.3964568559940045,
    1.3877084392767687,
    1.3916305037645194,
    1.3910529824403617,
    1.3910529824403617,
    1.391720073039715,
    1.3909208838756268,
    1.396888350523435,
    1.4036295258081877,
    1.3895281177300673,
    1.3941758467600895,
    1.4251741409301757,
    1.4012780895599952,
    1.4149189224609962,
    1.4427607756394607,
    1.4221822747817405,
    1.4092104288247915,
    1.4340992597433238,
    1.408419037782229,
    1.4277784549272978
  ],
  "val_f1_macro": [
    0.08393324813608843,
    0.13710646814061436,
    0.06497450104408449,
    0.07768982022708686,
    0.17687145548305777,
    0.13932025520104208,
    0.14283156329923524,
    0.1805752975923072,
    0.23451020513479442,
    0.2424752791388612,
    0.21750248225994684,
    0.23726379781821494,
    0.22695527848223893,
    0.2294035252660533,
    0.24900557811030397,
    0.24768437331542187,
    0.25096961119540584,
    0.25833263495284664,
    0.25115054955172944,
    0.2553234730717273,
    0.2553234730717273,
    0.25788755245333533,
    0.25227999486118,
    0.2553203086447837,
    0.25981714153629165,
    0.26730477880699555,
    0.25080884723675284,
    0.270419394795551,
    0.2651327287814025,
    0.2524459724770095,
    0.25238505654887655,
    0.24965753303451893,
    0.2487805253534315,
    0.2600547624573395,
    0.25388595709634537,
    0.24618603169674144
  ],
  "lr": [
    0.00011999999999999998,
    0.00020999999999999995,
    0.0003,
    0.00029744596495258525,
    0.0002898708344106533,
    0.0002775325703594421,
    0.00026085133758309883,
    0.00024039519545688846,
    0.00021686075336648075,
    0.00019104944851081244,
    0.0001638402539194953,
    0.0001361597460805047,
    0.00010895055148918757,
    8.313924663351933e-05,
    5.960480454311155e-05,
    3.91486624169011e-05,
    2.24674296405579e-05,
    1.0129165589346643e-05,
    2.554035047414732e-06,
    0.0,
    2.554035047414732e-06,
    1.0129165589346611e-05,
    2.2467429640557886e-05,
    3.914866241690114e-05,
    5.9604804543111434e-05,
    8.313924663351918e-05,
    0.00010895055148918756,
    0.00013615974608050473,
    0.00016384025391949538,
    0.00019104944851081244,
    0.00021686075336648067,
    0.0002403951954568884,
    0.0002608513375830988,
    0.00027753257035944206,
    0.0002898708344106533,
    0.0002974459649525853
  ],
  "grad_norm_min": [
    0.0,
    2.4881442465749917,
    1.5623021628739697,
    1.2430421091865154,
    1.1750266450030482,
    1.3469402624528275,
    0.0,
    1.5557796599910554,
    1.492015046996053,
    1.782014674878549,
    1.8590354923538195,
    2.0148196348445793,
    1.9791212711358395,
    2.2304716318098627,
    0.0,
    2.6583390411747203,
    0.0,
    2.2061262992312476,
    2.6865059531443145,
    2.6519335624049796,
    2.5021884663140765,
    2.5760534090014473,
    2.8759042390173977,
    2.9965356898609192,
    0.0,
    2.889316956039064,
    2.80795288216337,
    2.9368583972313025,
    2.89315727112988,
    2.8600125738131763,
    0.0,
    3.1298919258976596,
    2.9151210015378735,
    3.0824454565936725,
    3.0175567037016235,
    3.4416823599018267
  ],
  "grad_norm_mean": [
    7.394018974829272,
    4.537135157811201,
    3.22623307518365,
    2.5132212237341,
    2.374913697479194,
    2.6230374307296116,
    2.868546575662457,
    3.152018770121161,
    3.2455995138432843,
    3.4562532324342636,
    3.9554266687410284,
    3.7737788124603875,
    4.258097289657889,
    4.46926704044321,
    4.7208691435789785,
    4.771314949723161,
    4.934043093514895,
    5.015687339249001,
    4.828059954456413,
    5.1493708091914545,
    5.229669473748066,
    5.200125508414035,
    5.180498593199914,
    5.382993880523546,
    5.3610665637360455,
    5.5761732094935175,
    5.835629914591186,
    5.628390165274822,
    5.88487515770528,
    5.8354360577098365,
    6.086765860855626,
    6.1051463491474935,
    6.066403324178414,
    6.476363608781112,
    6.417635015592466,
    6.636746304666266
  ],
  "grad_norm_max": [
    14.330995665181751,
    10.544578308504857,
    6.801242660824043,
    5.523307547297909,
    7.59689512382056,
    5.971683998286208,
    7.225524312039767,
    7.778771534609428,
    7.923834261983747,
    6.963668291351209,
    10.29044026484375,
    8.333014349292728,
    15.475805534600452,
    10.0375226361946,
    9.834207521722869,
    10.819673296441325,
    13.481953683283479,
    11.711499603785692,
    13.214070087636344,
    10.405832502502959,
    13.148528773199759,
    13.990486493203928,
    16.247026058521968,
    16.620947699672328,
    17.27475964943256,
    13.841904582269574,
    13.342058297884588,
    14.722495052409405,
    16.93553174839394,
    15.62254840338302,
    15.02923982473068,
    13.909981513947736,
    18.190641873164157,
    20.842719395003776,
    14.888969730251848,
    20.168154745706843
  ]
}