class,precision,recall,f1,support
Class 0,0.240223,0.311594,0.271293,138
Class 1,0.187500,0.036585,0.061224,164
Class 2,0.180000,0.189474,0.184615,95
Class 3,0.240506,0.267606,0.253333,71
Class 4,0.472222,0.317757,0.379888,107
Class 5,0.314815,0.566667,0.404762,120
Class 6,0.317708,0.306533,0.312020,199
Class 7,0.296703,0.341772,0.317647,158
macro avg,0.281210,0.292248,0.273098,1052
weighted avg,0.281830,0.288023,0.270441,1052
