class,precision,recall,f1,support
Class 0,0.240602,0.246154,0.243346,130
Class 1,0.227273,0.058480,0.093023,171
Class 2,0.223529,0.204301,0.213483,93
Class 3,0.196262,0.350000,0.251497,60
Class 4,0.285714,0.282609,0.284153,92
Class 5,0.389344,0.616883,0.477387,154
Class 6,0.366460,0.302564,0.331461,195
Class 7,0.302469,0.371212,0.333333,132
macro avg,0.278957,0.304025,0.278460,1027
weighted avg,0.292440,0.302824,0.283136,1027
