{
  "train_loss": [
    1.5756566287942433,
    1.508698177708726,
    1.4682242810030393,
    1.4517209119370011,
    1.435923878320924,
    1.4117770779457537,
    1.3882954454607537,
    1.360768739815352,
    1.3422904868070253,
    1.3225102413025347,
    1.3054320573342912,
    1.2844292730208964,
    1.2662747994007304,
    1.247083371019549,
    1.2212219748515563,
    1.2136650006594825,
    1.205253661142713,
    1.1935632641677263,
    1.1780655975471674,
    1.183918225162224,
    1.1772008241382554,
    1.18077805673102,
    1.1827976907737525,
    1.18238143118439,
    1.183424487652018,
    1.1923963017036943,
    1.1875153807814482,
    1.1869242734018466
  ],
  "val_loss": [
    1.4815526778881367,
    1.4618140312341543,
    1.436200451850891,
    1.4306964571659382,
    1.4455048487736628,
    1.426079506140489,
    1.397779105259822,
    1.4478028141535246,
    1.3810205487104563,
    1.3592232208985549,
    1.368224026606633,
    1.3826116965367243,
    1.3550344751431391,
    1.3711895740949192,
    1.386951074233422,
    1.3658556571373572,
    1.3715453872313865,
    1.368128480361058,
    1.3695956165973957,
    1.3698639218623823,
    1.3698639218623823,
    1.3697206827310415,
    1.3721099028220543,
    1.3710378170013429,
    1.3723901381859414,
    1.3667059403199415,
    1.4009995304621183,
    1.4234706466014568
  ],
  "val_f1_macro": [
    0.05116642936484716,
    0.08412827037665035,
    0.11372078868439121,
    0.13947331732889562,
    0.13428230871838134,
    0.16103024403244004,
    0.2032348208735243,
    0.163443469636475,
    0.24052099442930172,
    0.24655638739999797,
    0.2570479883859994,
    0.2630159964818175,
    0.26179700105811554,
    0.26881058714384004,
    0.2532009911192867,
    0.274274291767188,
    0.26460783606261556,
    0.27211174311906206,
    0.270250476960829,
    0.27846042038780505,
    0.27846042038780505,
    0.27709398952240105,
    0.26982807826281663,
    0.2731358311559912,
    0.2762963385599729,
    0.26740140115818545,
    0.2610068296550855,
    0.24751223560357086
  ],
  "lr": [
    0.00011999999999999998,
    0.00020999999999999995,
    0.0003,
    0.00029744596495258525,
    0.0002898708344106533,
    0.0002775325703594421,
    0.00026085133758309883,
    0.00024039519545688846,
    0.00021686075336648075,
    0.00019104944851081244,
    0.0001638402539194953,
    0.0001361597460805047,
    0.00010895055148918757,
    8.313924663351933e-05,
    5.960480454311155e-05,
    3.91486624169011e-05,
    2.24674296405579e-05,
    1.0129165589346643e-05,
    2.554035047414732e-06,
    0.0,
    2.554035047414732e-06,
    1.0129165589346611e-05,
    2.2467429640557886e-05,
    3.914866241690114e-05,
    5.9604804543111434e-05,
    8.313924663351918e-05,
    0.00010895055148918756,
    0.00013615974608050473
  ],
  "grad_norm_min": [
    0.0,
    2.1868139931528354,
    1.8289469905429616,
    1.5944092170228783,
    0.0,
    1.3626111395758234,
    1.5247414949253772,
    1.5021776908321622,
    1.6361168110202287,
    1.797502249580093,
    0.0,
    2.0265244741798543,
    2.2487776988440533,
    2.072395865230859,
    2.613616247887805,
    2.411354553741993,
    2.4892338143482577,
    2.72927454024373,
    2.8308097727573025,
    2.94430705284733,
    0.0,
    2.6840175639130384,
    2.798134774815809,
    3.059381255428344,
    2.5861199735083704,
    2.9963962341947723,
    0.0,
    3.0036259925927915
  ],
  "grad_norm_mean": [
    7.431141301343379,
    4.520937239698809,
    3.431967906573564,
    2.786307690227157,
    2.5768542179506277,
    2.6440976313269107,
    2.8720242485846637,
    3.006621268258593,
    3.410684078934866,
    3.420552816979396,
    3.7323131079560605,
    3.93664901797608,
    4.294023882161062,
    4.417559635783364,
    4.7424230133078895,
    5.005098605996701,
    5.175559837868963,
    5.344430214934758,
    5.414304182758625,
    5.329034836351016,
    5.364232063996999,
    5.27692657508791,
    5.334884303953441,
    5.526851729852608,
    5.457661961481645,
    5.657076180351651,
    5.761300774959072,
    6.012866290403223
  ],
  "grad_norm_max": [
    13.694306301216995,
    8.728672885523435,
    7.974437050773073,
    8.592677724040598,
    7.342449759152474,
    8.56325853875163,
    7.491769371378365,
    7.114193768312673,
    10.931735841306647,
    12.416527465602611,
    13.978332559270918,
    11.231150790122072,
    12.059731466736533,
    14.99759219352641,
    9.94128533979334,
    14.124661175612607,
    16.601752199580776,
    14.895845545974975,
    10.03855044543855,
    12.49362160939912,
    14.901210948032588,
    10.977583043819624,
    16.8786383973874,
    18.56363483968702,
    18.480039484955288,
    16.46137610826138,
    17.62327278173469,
    18.907791141797208
  ]
}