class,precision,recall,f1,support
Class 0,0.226899,0.296247,0.256977,746
Class 1,0.220280,0.067308,0.103110,936
Class 2,0.262411,0.071705,0.112633,516
Class 3,0.197260,0.207493,0.202247,347
Class 4,0.413669,0.219885,0.287141,523
Class 5,0.353045,0.509554,0.417101,785
Class 6,0.312545,0.409006,0.354328,1066
Class 7,0.261566,0.378378,0.309311,777
macro avg,0.280959,0.269947,0.255356,5696
weighted avg,0.282514,0.287570,0.265478,5696
