{
  "accuracy": 0.189873417721519,
  "f1_macro": 0.04284999238319079,
  "precision_macro": 0.0860934664246824,
  "recall_macro": 0.12630027909184235,
  "balanced_accuracy": 0.12630027909184235,
  "loss": 1.5671835516661445
}