class,precision,recall,f1,support
Class 0,0.233333,0.289941,0.258575,169
Class 1,0.351852,0.089202,0.142322,213
Class 2,0.333333,0.087719,0.138889,114
Class 3,0.159420,0.144737,0.151724,76
Class 4,0.323232,0.278261,0.299065,115
Class 5,0.426471,0.480663,0.451948,181
Class 6,0.313725,0.403361,0.352941,238
Class 7,0.263844,0.468208,0.337500,173
macro avg,0.300651,0.280262,0.266621,1279
weighted avg,0.312094,0.301016,0.281439,1279
